team_id,alignment_4_3,blitzpct_std,aggressive_std,dl_hustle_std,defClustering
ARI_00,1,-0.417201319,-1.100279683,0.749885279,1
ARI_01,1,0.882543401,0.630447928,-0.074228276,2
ARI_02,1,-0.368319392,-0.5810614,0.000691139,1
ARI_03,1,0.734353979,0.803520689,0.375288209,2
ARI_04,1,-0.403823108,1.841957256,-0.748503002,3
ARI_05,1,1.098652974,1.495811734,-0.748503002,2
ARI_06,1,1.085789309,0.111229645,0.300368795,2
ARI_07,1,-0.317379278,-0.927206922,5.694566606,1
ARI_08,1,0.611891887,-0.407988639,1.573998834,2
ARI_09,0,-0.046213218,-0.407988639,0.525127037,4
ARI_10,0,1.001918213,-1.100279683,-0.448825346,4
ARI_11,0,1.530872121,-0.407988639,0.600046451,4
ARI_12,0,1.289035217,-1.446425205,-0.823422416,4
ARI_13,0,0.88563068,0.111229645,1.124482349,4
ARI_14,0,0.979278162,0.630447928,-0.224067104,4
ARI_15,0,-0.388386709,1.668884495,0.824804693,4
ARI_16,0,0.611891887,0.630447928,-0.823422416,4
ATL_00,1,-0.300913787,-0.061843116,-0.52374476,1
ATL_01,1,-1.33515246,0.630447928,0.075610553,3
ATL_02,0,-0.209324492,-0.407988639,-0.673583588,4
ATL_03,0,-0.602952643,-1.792570728,-0.298986518,4
ATL_04,1,-0.620961774,-0.927206922,0.674965865,1
ATL_05,1,-0.917855164,0.111229645,0.225449381,1
ATL_06,1,0.194594592,0.630447928,0.000691139,2
ATL_07,1,1.538075773,0.457375167,-1.123100072,2
ATL_08,1,0.838806939,2.188102779,-0.074228276,2
ATL_09,1,0.336094908,0.284302406,-0.373905932,2
ATL_10,1,1.192815002,1.322738973,1.049562935,2
ATL_11,1,0.690102971,2.188102779,-0.298986518,2
ATL_12,1,1.321451653,0.284302406,-0.14914769,2
ATL_13,1,0.451353347,-1.792570728,-0.748503002,2
ATL_14,0,-0.08994968,-1.100279683,1.199401763,4
ATL_15,1,-0.335902956,0.284302406,1.948595904,3
ATL_16,1,-1.507011025,1.841957256,0.450207623,3
BAL_00,1,0.979278162,1.668884495,-0.074228276,2
BAL_01,1,1.412526402,1.668884495,-0.973261244,2
BAL_02,0,0.611891887,-1.446425205,-0.823422416,4
BAL_03,0,1.32350984,-0.407988639,-0.52374476,4
BAL_04,0,0.677753853,-1.100279683,0.150529967,4
BAL_05,1,0.856816071,-0.5810614,3.147306529,2
BAL_06,1,0.654599255,-1.100279683,2.9974677,2
BAL_07,0,0.772944974,-1.619497966,0.600046451,4
BAL_08,0,1.973896746,0.630447928,1.573998834,4
BAL_09,0,0.611891887,-0.927206922,1.87367649,4
BAL_10,0,2.517772506,0.284302406,0.974643521,4
BAL_11,0,0.665404734,-1.273352444,0.450207623,4
BAL_12,0,0.611891887,-1.273352444,-0.823422416,4
BAL_13,0,0.29030026,1.149666212,-1.123100072,4
BAL_14,0,-0.070911455,-0.407988639,0.075610553,4
BAL_15,0,0.611891887,-0.927206922,-0.14914769,4
BAL_16,0,0.860932443,-1.100279683,-1.872294213,4
BUF_00,0,0.550660842,-1.446425205,-1.347858314,4
BUF_01,1,-0.447559569,-0.5810614,0.300368795,1
BUF_02,1,-0.300913787,-0.234915877,-0.298986518,1
BUF_03,1,-0.539148864,-0.234915877,-0.074228276,1
BUF_04,1,0.040230611,1.495811734,0.674965865,3
BUF_05,1,-0.403823108,-0.234915877,1.349240591,1
BUF_06,1,-1.060384573,0.111229645,0.150529967,1
BUF_07,1,-0.575681673,-0.234915877,1.573998834,1
BUF_08,1,-0.13831706,-0.234915877,-0.373905932,1
BUF_09,1,-0.996066248,-0.061843116,-0.14914769,1
BUF_10,0,-0.150151632,-0.927206922,1.648918248,4
BUF_11,1,-0.186684441,0.284302406,-0.373905932,2
BUF_12,1,-1.246135897,0.803520689,-0.748503002,3
BUF_13,0,-0.697114671,-0.061843116,-0.823422416,4
BUF_14,1,-1.19879761,-0.061843116,0.075610553,1
BUF_15,0,-0.368319392,1.495811734,0.150529967,4
BUF_16,0,-1.037229976,-0.234915877,0.824804693,4
CAR_00,1,-1.19879761,-0.061843116,-0.298986518,1
CAR_01,1,-0.773267569,-1.273352444,-0.673583588,1
CAR_02,1,-0.674474621,0.976593451,-0.52374476,3
CAR_03,1,-0.610156296,1.495811734,0.600046451,3
CAR_04,1,-0.296282867,-1.619497966,-1.123100072,1
CAR_05,1,-0.302971973,0.976593451,0.375288209,3
CAR_06,1,-0.580312593,0.457375167,0.300368795,3
CAR_07,1,-0.059076883,-0.061843116,-0.748503002,2
CAR_08,1,-0.917855164,0.111229645,0.525127037,1
CAR_09,1,-0.881836902,1.149666212,0.600046451,3
CAR_10,1,-0.632796346,-0.5810614,-0.298986518,1
CAR_11,1,-1.048035455,-1.446425205,-0.298986518,1
CAR_12,1,-1.829117199,0.457375167,0.300368795,3
CAR_13,1,-0.2458573,-0.061843116,0.525127037,1
CAR_14,1,-0.867429597,0.457375167,-0.298986518,3
CAR_15,1,0.085510712,1.668884495,-0.373905932,3
CAR_16,1,-0.647203651,2.188102779,1.124482349,3
CHI_00,1,0.254796545,-0.5810614,1.199401763,1
CHI_01,1,0.12976172,0.976593451,1.199401763,3
CHI_02,1,-0.270040991,-0.754134161,2.173354146,1
CHI_03,1,-0.2458573,0.803520689,-0.448825346,3
CHI_04,1,-0.123395209,0.457375167,-0.224067104,2
CHI_05,1,-0.32921385,2.36117554,-0.448825346,3
CHI_06,1,-1.446294526,0.284302406,-0.52374476,1
CHI_07,1,-0.454763221,0.111229645,0.450207623,1
CHI_08,1,-1.133964738,0.111229645,0.150529967,1
CHI_09,1,-0.490781484,-0.061843116,0.450207623,1
CHI_10,1,-0.447559569,1.495811734,-0.448825346,3
CHI_11,1,-1.649025888,2.188102779,-0.224067104,3
CHI_12,1,-1.270834134,0.976593451,-0.973261244,3
CHI_13,1,0.69473389,0.976593451,-1.872294213,2
CHI_14,1,1.139816702,-1.446425205,-1.797374799,2
CHI_15,0,0.611891887,-1.100279683,-0.224067104,4
CHI_16,0,0.611891887,-1.100279683,-1.572616557,4
CIN_00,1,1.898258396,0.976593451,-1.048180658,2
CIN_01,1,0.986996361,0.284302406,-0.973261244,2
CIN_02,1,-0.352882994,-1.273352444,-1.2729389,1
CIN_03,1,-0.331272037,0.803520689,-0.52374476,3
CIN_04,1,-0.431094078,0.284302406,-0.224067104,1
CIN_05,1,0.42819875,-0.407988639,0.375288209,2
CIN_06,1,-0.858167758,-0.407988639,0.450207623,1
CIN_07,1,0.027366946,-0.927206922,0.000691139,1
CIN_08,1,0.006785082,-0.061843116,0.300368795,1
CIN_09,1,-0.447559569,1.149666212,0.225449381,3
CIN_10,1,-0.531430665,0.457375167,0.600046451,3
CIN_11,1,-0.588545338,-0.5810614,0.075610553,1
CIN_12,1,-1.153517509,-1.273352444,0.974643521,1
CIN_13,1,-0.225789983,-0.5810614,0.375288209,1
CIN_14,1,-1.060384573,-0.5810614,0.600046451,1
CIN_15,1,-1.164322987,0.457375167,0.824804693,3
CIN_16,1,-1.337210646,-0.234915877,0.450207623,1
CLE_00,1,-0.307088346,-1.792570728,1.798757076,1
CLE_01,1,-0.405366747,0.976593451,0.450207623,3
CLE_02,1,-0.214984504,0.111229645,-0.14914769,1
CLE_03,1,-1.078908251,-0.5810614,0.824804693,1
CLE_04,1,-0.674474621,0.457375167,-1.872294213,3
CLE_05,0,0.276407502,-1.619497966,0.000691139,4
CLE_06,0,1.990362238,-0.754134161,-1.198019486,4
CLE_07,0,1.806154554,-0.927206922,-1.2729389,4
CLE_08,0,0.611891887,-1.792570728,-0.673583588,4
CLE_09,0,1.383711792,-0.927206922,-0.598664174,4
CLE_10,0,0.611891887,-1.446425205,-0.52374476,4
CLE_11,1,-0.352882994,-2.484861772,0.150529967,1
CLE_12,1,-0.335902956,-0.407988639,0.749885279,1
CLE_13,0,-0.610156296,-0.407988639,1.948595904,4
CLE_14,0,-0.716152896,0.111229645,0.974643521,4
CLE_15,0,-0.718725629,0.457375167,1.499079419,4
CLE_16,0,1.898258396,-0.927206922,-0.89834183,4
DAL_00,1,-1.755022488,-0.061843116,0.150529967,1
DAL_01,1,-1.103091941,0.803520689,0.749885279,3
DAL_02,1,-0.2458573,-0.061843116,0.824804693,1
DAL_03,1,-0.674474621,0.803520689,-0.748503002,3
DAL_04,1,-0.713580163,1.322738973,-1.048180658,3
DAL_05,0,0.75081947,1.322738973,-1.123100072,4
DAL_06,0,0.460615186,-0.927206922,-1.198019486,4
DAL_07,0,0.500235274,-0.407988639,-0.673583588,4
DAL_08,0,1.222144159,-1.446425205,-0.373905932,4
DAL_09,0,2.204413625,-0.754134161,-1.797374799,4
DAL_10,0,2.229111862,-0.754134161,-1.2729389,4
DAL_11,0,1.898258396,-0.754134161,-1.347858314,4
DAL_12,0,2.049535097,-2.657934533,-1.647535971,4
DAL_13,1,0.158061783,-1.446425205,0.075610553,1
DAL_14,1,-0.490781484,-0.061843116,1.274321177,1
DAL_15,1,-0.632796346,-0.407988639,0.150529967,1
DAL_16,1,-0.745996599,0.457375167,-0.224067104,3
DEN_00,1,-0.031291367,1.841957256,-1.198019486,3
DEN_01,1,0.677753853,0.630447928,-0.373905932,2
DEN_02,1,-0.159928018,-1.100279683,1.87367649,1
DEN_03,1,-1.460701831,1.841957256,-0.074228276,3
DEN_04,1,-0.403823108,1.149666212,-0.373905932,3
DEN_05,1,0.152401771,0.284302406,0.974643521,2
DEN_06,1,-1.674753218,0.630447928,-0.224067104,3
DEN_07,1,-1.103091941,-0.061843116,-1.048180658,1
DEN_08,1,-0.575681673,-1.273352444,-0.373905932,1
DEN_09,0,-0.509305161,-0.5810614,1.049562935,4
DEN_10,0,1.282860658,-1.792570728,-0.52374476,4
DEN_11,1,0.925765315,-0.061843116,-0.298986518,2
DEN_12,1,1.156282194,0.457375167,-0.52374476,2
DEN_13,1,0.800215944,-0.234915877,-1.048180658,2
DEN_14,1,2.306293852,-0.754134161,-0.823422416,2
DEN_15,0,1.94765487,-0.061843116,-0.448825346,4
DEN_16,0,0.795585025,-1.100279683,-0.598664174,4
DET_00,1,0.060812475,0.111229645,-0.823422416,2
DET_01,1,-0.135229781,-1.446425205,-1.2729389,1
DET_02,1,0.065957941,0.111229645,-0.448825346,2
DET_03,1,-0.031291367,0.284302406,0.000691139,2
DET_04,1,-0.945126134,-0.234915877,0.150529967,1
DET_05,1,-1.462760017,-0.407988639,0.000691139,1
DET_06,1,-1.360365243,-0.754134161,-0.14914769,1
DET_07,1,-0.848391373,-0.754134161,0.150529967,1
DET_08,1,-1.103091941,-0.5810614,0.525127037,1
DET_09,1,-0.080687841,0.284302406,0.150529967,1
DET_10,1,-1.493118267,0.111229645,1.424160005,1
DET_11,1,-0.705861964,-0.5810614,0.674965865,1
DET_12,1,-1.658287726,-0.927206922,-0.52374476,1
DET_13,1,-0.323553837,-0.061843116,-0.748503002,1
DET_14,1,-0.735705667,-0.061843116,1.349240591,1
DET_15,1,-1.063471853,-0.5810614,1.049562935,1
DET_16,1,-1.367054349,-0.407988639,1.424160005,1
GB_00,1,-0.335902956,0.976593451,-0.373905932,3
GB_01,1,-0.278788283,1.322738973,0.974643521,3
GB_02,1,-0.704318324,0.976593451,0.300368795,3
GB_03,1,0.384976835,0.457375167,-0.52374476,2
GB_04,1,-0.54583797,-0.234915877,0.300368795,1
GB_05,1,-0.858167758,-1.273352444,-0.598664174,1
GB_06,1,-1.066044586,-0.927206922,0.150529967,1
GB_07,1,-1.174613919,-1.273352444,0.375288209,1
GB_08,1,-0.436239544,-1.100279683,-0.89834183,1
GB_09,0,1.933247565,-0.407988639,0.375288209,4
GB_10,0,2.144726219,0.803520689,-1.647535971,4
GB_11,0,2.29754656,0.111229645,-1.123100072,4
GB_12,0,2.253810099,-0.5810614,-1.947213627,4
GB_13,0,1.547337612,0.284302406,-0.673583588,4
GB_14,0,0.988540001,1.322738973,-0.448825346,4
GB_15,0,0.971045416,1.322738973,-1.048180658,4
GB_16,0,1.83394007,-0.234915877,-1.123100072,4
HOU_02,0,0.464731559,0.976593451,0.600046451,4
HOU_03,0,1.695012487,-0.5810614,-0.823422416,4
HOU_04,0,1.148049448,0.457375167,1.124482349,4
HOU_05,0,0.333522175,-1.100279683,0.600046451,4
HOU_06,1,-0.214984504,-0.5810614,0.899724107,1
HOU_07,1,-1.048035455,-1.446425205,1.124482349,1
HOU_08,1,-0.931747923,-0.234915877,-0.298986518,1
HOU_09,1,-0.84581864,0.976593451,-0.598664174,3
HOU_10,1,-0.760403904,-0.234915877,0.075610553,1
HOU_11,0,-0.265410071,1.149666212,0.974643521,4
HOU_12,0,-0.323553837,0.976593451,0.674965865,4
HOU_13,0,0.29030026,-0.407988639,-0.748503002,4
HOU_14,0,-0.471228713,2.188102779,-0.52374476,4
HOU_15,0,0.383433195,0.284302406,0.225449381,4
HOU_16,0,2.105620677,0.630447928,-0.14914769,4
IND_00,1,0.060812475,-0.234915877,0.450207623,1
IND_01,1,-0.224246343,0.457375167,1.049562935,3
IND_02,1,-1.103091941,-0.234915877,0.375288209,1
IND_03,1,-0.632796346,0.803520689,0.150529967,3
IND_04,1,-1.503409199,-0.234915877,0.824804693,1
IND_05,1,-1.401528971,-0.234915877,0.450207623,1
IND_06,1,-1.755022488,0.457375167,0.525127037,3
IND_07,1,-0.858167758,-1.100279683,-0.89834183,1
IND_08,1,-1.960841129,-0.927206922,-0.14914769,1
IND_09,1,-1.279581426,-0.061843116,1.948595904,1
IND_10,1,-1.274950507,-0.061843116,0.300368795,1
IND_11,1,-1.605803973,-0.234915877,-0.598664174,1
IND_12,0,-0.352882994,0.111229645,0.749885279,4
IND_13,0,-0.490781484,-0.754134161,-0.14914769,4
IND_14,0,0.549117202,-0.407988639,0.150529967,4
IND_15,0,-0.196460826,-1.619497966,-0.298986518,4
IND_16,0,0.533680804,-1.100279683,-1.422777728,4
JAC_00,1,-0.224246343,1.322738973,0.450207623,3
JAC_01,1,-0.524741559,0.284302406,0.824804693,3
JAC_02,1,-0.602952643,-0.407988639,0.150529967,1
JAC_03,1,-1.103091941,-0.061843116,0.899724107,1
JAC_04,1,0.611891887,0.111229645,-0.823422416,2
JAC_05,1,-0.154268005,0.803520689,-0.298986518,3
JAC_06,1,-0.858167758,0.111229645,0.225449381,1
JAC_07,1,-0.431094078,1.668884495,-0.448825346,3
JAC_08,1,-0.807742191,-0.234915877,-0.298986518,1
JAC_09,1,-0.674474621,-1.619497966,0.974643521,1
JAC_10,1,-0.773267569,0.111229645,-1.048180658,1
JAC_11,1,0.362851331,-0.234915877,-0.673583588,2
JAC_12,1,-1.060384573,-1.792570728,-0.89834183,1
JAC_13,1,-0.632796346,-0.061843116,-0.074228276,1
JAC_14,1,-1.045977269,-0.927206922,-0.224067104,1
JAC_15,1,-0.388386709,-0.061843116,-0.748503002,1
JAC_16,1,-1.103091941,-0.754134161,0.824804693,1
KC_00,1,-1.052666374,0.111229645,0.150529967,1
KC_01,1,-0.051873231,-0.754134161,-1.123100072,1
KC_02,1,-0.296282867,0.976593451,-0.224067104,3
KC_03,1,0.254796545,0.111229645,1.499079419,2
KC_04,1,0.611891887,-0.061843116,-0.748503002,2
KC_05,1,1.854007388,1.149666212,-1.2729389,2
KC_06,1,1.496397498,0.803520689,-1.048180658,2
KC_07,1,1.446486478,0.111229645,-1.422777728,2
KC_08,1,-0.931747923,-0.407988639,1.049562935,1
KC_09,0,-0.557672542,-0.407988639,-0.298986518,4
KC_10,0,-0.773267569,0.284302406,1.049562935,4
KC_11,0,-0.275186457,-0.5810614,-0.973261244,4
KC_12,0,0.516700766,0.630447928,-0.598664174,4
KC_13,0,0.83108874,-1.273352444,-0.448825346,4
KC_14,0,0.77963408,-0.234915877,-0.673583588,4
KC_15,0,1.213911413,2.188102779,-0.224067104,4
KC_16,0,0.060812475,-0.754134161,-0.448825346,4
MIA_00,1,-1.264145028,0.457375167,-0.598664174,3
MIA_01,1,-0.222702703,0.457375167,-0.224067104,3
MIA_02,1,-1.194681237,-0.234915877,-0.52374476,1
MIA_03,1,-1.200855796,-0.061843116,-1.2729389,1
MIA_04,1,0.183274567,-1.100279683,-0.973261244,2
MIA_05,1,0.139538106,-1.619497966,-0.224067104,1
MIA_06,1,-0.099726065,-1.273352444,-0.823422416,1
MIA_07,1,0.268689303,-0.407988639,-1.347858314,2
MIA_08,0,1.898258396,-0.234915877,0.150529967,4
MIA_09,0,0.495089808,0.111229645,0.899724107,4
MIA_10,0,1.53550304,-0.234915877,-1.347858314,4
MIA_11,0,0.674666573,0.630447928,-0.973261244,4
MIA_12,1,1.347178983,-0.754134161,-0.823422416,2
MIA_13,1,0.060812475,-1.619497966,0.150529967,1
MIA_14,1,0.677753853,-0.754134161,-0.14914769,2
MIA_15,1,-0.135229781,-0.061843116,-0.448825346,2
MIA_16,1,0.455984267,-0.061843116,1.87367649,2
MIN_00,1,-0.135229781,-0.234915877,0.899724107,1
MIN_01,1,-0.931747923,0.457375167,-0.14914769,3
MIN_02,1,-1.00790082,-0.234915877,1.573998834,1
MIN_03,1,-0.778927581,1.841957256,0.225449381,3
MIN_04,1,-0.905506046,-1.100279683,-0.224067104,1
MIN_05,1,-0.59883627,-0.754134161,-0.448825346,1
MIN_06,1,0.011416001,0.457375167,-0.823422416,2
MIN_07,1,-0.674474621,1.149666212,1.049562935,3
MIN_08,1,1.29778251,2.188102779,-0.074228276,2
MIN_09,1,0.611891887,2.188102779,0.150529967,2
MIN_10,1,0.860932443,0.284302406,0.000691139,2
MIN_11,1,1.177893151,0.284302406,-1.347858314,2
MIN_12,1,0.553233575,0.803520689,-0.224067104,2
MIN_13,1,0.486342516,0.803520689,-1.123100072,2
MIN_14,1,-0.768636649,-0.754134161,0.600046451,1
MIN_15,1,-0.405366747,0.457375167,-0.823422416,3
MIN_16,1,-1.082510077,0.630447928,-0.14914769,3
NE_00,0,0.611891887,0.111229645,-0.673583588,4
NE_01,1,1.239638743,0.630447928,-0.373905932,2
NE_02,1,0.990083641,-0.754134161,-1.048180658,2
NE_03,1,2.180744481,0.457375167,-1.048180658,2
NE_04,0,1.412526402,0.111229645,-0.673583588,4
NE_05,0,1.157825833,-1.273352444,0.674965865,4
NE_06,0,0.553233575,-0.5810614,0.749885279,4
NE_07,0,0.283611154,-0.407988639,2.697790044,4
NE_08,0,-0.549954343,-1.273352444,-0.598664174,4
NE_09,0,0.529049884,-0.5810614,-0.224067104,4
NE_10,0,0.111752589,-1.273352444,1.274321177,4
NE_11,1,-1.446294526,-0.927206922,1.648918248,1
NE_12,1,-0.292166495,-0.234915877,0.300368795,1
NE_13,1,-0.835013161,-1.100279683,0.300368795,1
NE_14,1,0.354618586,-0.234915877,0.974643521,2
NE_15,1,-0.490781484,-1.446425205,1.199401763,1
NE_16,1,-0.220644517,1.322738973,1.648918248,3
NO_00,1,-0.596263537,1.841957256,-0.373905932,3
NO_01,1,0.32065851,0.803520689,-1.123100072,2
NO_02,1,-0.839644081,0.976593451,-1.048180658,3
NO_03,1,-1.156604788,-0.234915877,0.075610553,1
NO_04,1,-1.543543834,-0.5810614,-0.298986518,1
NO_05,1,-0.725929281,-1.273352444,-1.572616557,1
NO_06,1,-0.539148864,0.111229645,0.824804693,1
NO_07,1,-0.191829907,-0.754134161,-0.14914769,1
NO_08,1,-0.9502716,-0.5810614,-1.2729389,1
NO_09,1,-0.931747923,-0.061843116,-0.298986518,1
NO_10,1,0.144169025,-0.5810614,-1.2729389,2
NO_11,1,1.235522371,0.457375167,-0.373905932,2
NO_12,1,-0.84581864,-0.754134161,-0.373905932,1
NO_13,0,-0.805684005,0.284302406,-0.673583588,4
NO_14,0,-0.750112972,-1.446425205,-0.074228276,4
NO_15,1,0.529049884,-0.234915877,-0.673583588,2
NO_16,1,-0.331272037,-1.446425205,-0.074228276,1
NYG_00,1,0.260971104,3.91883039,-0.823422416,2
NYG_01,1,-0.786131234,1.668884495,-0.298986518,3
NYG_02,1,-0.639485452,2.188102779,0.300368795,3
NYG_03,1,-0.531430665,-0.927206922,-1.048180658,1
NYG_04,1,-0.54583797,-0.407988639,-0.224067104,1
NYG_05,1,-1.145284763,-0.061843116,2.323192974,1
NYG_06,1,-0.513421534,0.111229645,0.000691139,1
NYG_07,1,-1.184390305,0.457375167,3.671742427,3
NYG_08,1,-1.286785079,0.803520689,0.225449381,3
NYG_09,1,-0.272613724,0.630447928,0.150529967,3
NYG_10,1,-1.345443392,1.841957256,0.749885279,3
NYG_11,1,-1.424683569,0.111229645,4.271097739,1
NYG_12,1,-1.258999562,-1.100279683,1.124482349,1
NYG_13,1,-1.052666374,0.976593451,0.075610553,3
NYG_14,1,-0.865885957,0.457375167,0.600046451,3
NYG_15,1,-0.953873427,-0.754134161,0.674965865,1
NYG_16,1,-0.196460826,-0.5810614,0.225449381,1
NYJ_00,0,1.576666769,-0.5810614,-1.722455385,4
NYJ_01,1,1.157825833,-0.234915877,-0.224067104,2
NYJ_02,1,1.212367773,-0.407988639,0.300368795,2
NYJ_03,1,-0.417201319,-1.446425205,-0.89834183,1
NYJ_04,1,0.472964304,-1.446425205,-0.823422416,2
NYJ_05,1,0.69782117,-0.407988639,-1.422777728,2
NYJ_06,1,0.611891887,0.284302406,1.049562935,2
NYJ_07,0,0.434373309,-1.273352444,0.150529967,4
NYJ_08,0,-0.32921385,-1.792570728,3.971420083,4
NYJ_09,0,0.933483514,0.284302406,1.798757076,4
NYJ_10,0,0.097345284,-0.927206922,0.749885279,4
NYJ_11,0,0.538311723,-1.446425205,0.824804693,4
NYJ_12,0,0.097345284,-0.5810614,0.375288209,4
NYJ_13,0,-0.831411335,-0.927206922,1.648918248,4
NYJ_14,0,-0.360086646,0.457375167,1.499079419,4
NYJ_15,0,-0.113618823,0.630447928,0.450207623,4
NYJ_16,0,-0.2458573,-1.446425205,0.150529967,4
OAK_00,1,-1.003784447,1.149666212,0.600046451,3
OAK_01,1,-0.32921385,-0.234915877,0.974643521,1
OAK_02,1,0.073161594,-0.754134161,0.824804693,1
OAK_03,1,-0.314291999,-1.446425205,-0.224067104,1
OAK_04,1,-0.52011064,-1.100279683,1.573998834,1
OAK_05,0,-1.460701831,-0.754134161,-0.298986518,4
OAK_06,1,-1.507011025,-1.100279683,-0.074228276,1
OAK_07,1,-1.389179853,0.457375167,0.000691139,3
OAK_08,1,-0.513421534,-0.061843116,-1.198019486,1
OAK_09,1,0.125130801,-1.100279683,0.450207623,1
OAK_10,1,0.666433827,0.111229645,-0.52374476,2
OAK_11,1,0.282067515,0.457375167,-0.448825346,2
OAK_12,1,0.200254605,-0.5810614,-0.448825346,2
OAK_13,1,1.762932639,-0.234915877,-0.373905932,2
OAK_14,1,-0.557672542,-0.061843116,0.075610553,1
OAK_15,1,-0.065251443,-0.754134161,1.124482349,1
OAK_16,1,-1.755022488,-0.5810614,1.424160005,1
PHI_00,1,-1.086111904,-0.927206922,-0.074228276,1
PHI_01,1,-0.302971973,-0.407988639,0.749885279,1
PHI_02,1,-0.628679973,1.149666212,2.922548286,3
PHI_03,1,-0.403823108,-1.100279683,0.600046451,1
PHI_04,1,-0.318922918,0.457375167,0.375288209,3
PHI_05,1,-0.630223613,-1.100279683,-0.074228276,1
PHI_06,1,-0.803111272,-0.407988639,0.899724107,1
PHI_07,1,-1.265688668,-0.407988639,-0.074228276,1
PHI_08,1,-0.406395841,-0.407988639,0.974643521,1
PHI_09,1,-1.142197483,-1.619497966,2.098434732,1
PHI_10,1,-0.773267569,-1.100279683,0.899724107,1
PHI_11,1,-1.549203847,0.630447928,1.349240591,3
PHI_12,1,-1.446294526,0.284302406,0.824804693,3
PHI_13,0,-0.500557869,-1.273352444,1.648918248,4
PHI_14,0,-1.278037787,-1.273352444,2.24827356,4
PHI_15,0,-0.778927581,-0.754134161,1.723837662,4
PHI_16,1,-0.674474621,0.284302406,0.600046451,3
PIT_00,0,2.261013751,1.495811734,-0.448825346,4
PIT_01,0,2.389650402,4.611121435,-1.872294213,4
PIT_02,0,1.743894415,1.149666212,-1.198019486,4
PIT_03,0,1.273598819,1.149666212,-1.048180658,4
PIT_04,0,1.929645738,3.399612107,-2.097052455,4
PIT_05,0,3.130082964,2.015030017,-0.823422416,4
PIT_06,0,1.53550304,0.111229645,-0.89834183,4
PIT_07,0,1.826736418,1.841957256,-1.123100072,4
PIT_08,0,0.964870857,0.976593451,2.323192974,4
PIT_09,0,0.557349947,0.111229645,0.300368795,4
PIT_10,0,1.737719855,1.322738973,0.000691139,4
PIT_11,0,0.905697998,-0.061843116,-1.123100072,4
PIT_12,0,1.098652974,0.457375167,-0.598664174,4
PIT_13,0,0.309338485,-0.234915877,0.375288209,4
PIT_14,0,1.703245233,0.111229645,-0.14914769,4
PIT_15,0,1.791232702,-0.234915877,-0.224067104,4
PIT_16,0,2.304235666,-0.234915877,0.525127037,4
SD_00,1,0.413791445,0.457375167,-1.123100072,2
SD_01,1,-0.643087278,0.976593451,-1.347858314,3
SD_02,1,-0.377581231,1.668884495,0.824804693,3
SD_03,1,-0.674474621,-1.100279683,0.075610553,1
SD_04,0,1.942509404,0.284302406,-0.673583588,4
SD_05,0,1.842172816,-1.619497966,-1.123100072,4
SD_06,0,1.877161985,-1.273352444,-1.422777728,4
SD_07,0,2.143182579,0.457375167,-1.123100072,4
SD_08,0,1.806154554,-0.061843116,-1.048180658,4
SD_09,0,2.008371369,-0.234915877,-1.722455385,4
SD_10,0,1.32350984,1.322738973,-0.14914769,4
SD_11,0,1.174805871,-1.100279683,-0.823422416,4
SD_12,0,1.017869157,0.111229645,0.300368795,4
SD_13,0,-0.049815045,0.111229645,1.424160005,4
SD_14,0,0.611891887,0.803520689,0.150529967,4
SD_15,0,2.219850023,-0.061843116,-1.198019486,4
SD_16,0,0.83263238,-0.5810614,-1.198019486,4
SEA_00,1,0.707083009,-1.100279683,-1.198019486,2
SEA_01,1,0.476566131,0.630447928,0.000691139,2
SEA_02,1,-0.123395209,0.111229645,-0.373905932,2
SEA_03,1,1.062120165,-0.061843116,-0.823422416,2
SEA_04,1,0.897979799,-0.234915877,0.000691139,2
SEA_05,1,-0.46865598,1.322738973,0.824804693,3
SEA_06,1,0.235243774,0.803520689,-0.224067104,2
SEA_07,1,0.154459957,0.111229645,-0.298986518,2
SEA_08,1,-0.784587594,-0.234915877,0.225449381,1
SEA_09,1,-0.031291367,-0.061843116,1.424160005,1
SEA_10,1,-0.013796782,-0.5810614,-0.373905932,1
SEA_11,1,-0.08994968,-0.234915877,0.674965865,1
SEA_12,1,-0.889040555,-0.5810614,-0.598664174,1
SEA_13,1,-0.849935013,0.976593451,1.499079419,3
SEA_14,1,-0.987318956,0.457375167,-0.598664174,3
SEA_15,1,-0.987318956,0.284302406,2.547951216,3
SEA_16,1,-0.429550438,0.284302406,-0.52374476,1
SF_00,1,-0.200577199,0.284302406,1.424160005,3
SF_01,1,0.048977903,0.457375167,0.225449381,3
SF_02,1,0.37056953,-0.061843116,-0.52374476,2
SF_03,1,0.366967704,0.111229645,0.225449381,2
SF_04,1,0.611891887,-0.5810614,-0.89834183,2
SF_05,0,-0.031291367,-0.407988639,-0.298986518,4
SF_06,1,1.216998693,-0.927206922,-0.89834183,2
SF_07,0,0.611891887,-1.619497966,-0.823422416,4
SF_08,0,0.097345284,-1.619497966,0.150529967,4
SF_09,0,1.020956437,0.284302406,-0.224067104,4
SF_10,0,0.325803976,-1.792570728,1.049562935,4
SF_11,0,1.898258396,0.457375167,-0.673583588,4
SF_12,0,2.304235666,-1.100279683,-1.198019486,4
SF_13,0,3.116704752,-0.061843116,-1.572616557,4
SF_14,0,1.040509208,-0.234915877,-0.89834183,4
SF_15,0,1.806154554,-1.446425205,-0.074228276,4
SF_16,0,0.455984267,-0.407988639,-0.298986518,4
STL_00,1,-0.497985136,-0.5810614,-0.973261244,1
STL_01,1,-1.103091941,0.457375167,2.023515318,3
STL_02,1,-1.080451891,0.803520689,0.674965865,3
STL_03,1,-0.613243575,1.668884495,0.525127037,3
STL_04,1,-1.052666374,-0.754134161,-0.074228276,1
STL_05,1,-0.580312593,-0.234915877,0.600046451,1
STL_06,1,-0.220644517,0.111229645,-0.673583588,2
STL_07,1,0.69473389,0.284302406,-0.673583588,2
STL_08,1,-0.2458573,-0.407988639,-1.198019486,1
STL_09,1,-0.725929281,-0.061843116,0.974643521,1
STL_10,1,-0.465054153,1.322738973,1.349240591,3
STL_11,1,-0.641543638,-0.061843116,-0.598664174,1
STL_12,1,-0.773267569,-0.234915877,-0.823422416,1
STL_13,1,-1.281125066,-0.5810614,-0.074228276,1
STL_14,1,-0.738792946,0.457375167,0.525127037,3
STL_15,1,-0.768636649,1.668884495,0.749885279,3
STL_16,1,-1.130927253,1.611737829,0.075610553,3
TB_00,1,-1.025395404,2.534248301,-0.14914769,3
TB_01,1,-0.552012529,1.668884495,-0.52374476,3
TB_02,1,-0.824207682,1.149666212,1.049562935,3
TB_03,1,-1.389179853,0.284302406,-0.074228276,1
TB_04,1,-0.645660011,-0.061843116,-0.823422416,1
TB_05,1,-0.531430665,0.284302406,-0.373905932,1
TB_06,1,-0.725929281,-0.234915877,-1.048180658,1
TB_07,1,-1.649025888,-1.792570728,-0.373905932,1
TB_08,1,-0.896244207,-0.234915877,-0.673583588,1
TB_09,1,-0.766578463,-0.407988639,-0.673583588,1
TB_10,1,0.116898055,1.495811734,0.525127037,3
TB_11,1,-0.842216814,-0.5810614,-0.52374476,1
TB_12,1,-0.817518577,0.630447928,0.824804693,3
TB_13,1,0.244505613,1.149666212,-0.373905932,2
TB_14,1,-0.459908687,-0.5810614,-0.598664174,1
TB_15,1,1.085789309,-0.234915877,-0.89834183,2
TB_16,1,-0.606554469,1.495811734,-0.973261244,3
TEN_00,1,-0.229906356,3.399612107,-0.89834183,3
TEN_01,1,-0.513421534,1.841957256,-1.347858314,3
TEN_02,1,-0.674474621,1.841957256,1.274321177,3
TEN_03,1,-0.877720529,2.36117554,0.899724107,3
TEN_04,1,-0.754743891,-0.061843116,0.000691139,1
TEN_05,1,-0.831411335,-1.100279683,-0.074228276,1
TEN_06,1,-0.476374179,-0.754134161,0.000691139,1
TEN_07,1,-1.317657875,0.803520689,0.225449381,3
TEN_08,1,-1.434459954,1.149666212,0.824804693,3
TEN_09,1,-0.835013161,1.149666212,2.023515318,3
TEN_10,1,-0.803111272,0.803520689,1.723837662,3
TEN_11,1,-0.398677642,0.803520689,0.300368795,3
TEN_12,1,1.469641075,0.111229645,-0.448825346,2
TEN_13,1,0.254796545,0.457375167,-0.373905932,2
TEN_14,0,1.205678668,-0.927206922,-1.497697142,4
TEN_15,0,1.403264563,-1.273352444,-1.422777728,4
TEN_16,0,1.962576721,0.630447928,-0.448825346,4
WAS_00,1,-0.588545338,1.322738973,-1.198019486,3
WAS_01,1,-0.623019961,0.457375167,0.450207623,3
WAS_02,1,0.225981935,-1.273352444,-0.224067104,2
WAS_03,1,0.802274131,0.111229645,-1.422777728,2
WAS_04,1,0.225981935,0.803520689,-0.598664174,2
WAS_05,1,0.170925448,0.457375167,-0.748503002,2
WAS_06,1,-0.335902956,0.630447928,-0.373905932,3
WAS_07,1,-0.2458573,1.149666212,0.075610553,3
WAS_08,1,-0.889040555,-0.061843116,-0.973261244,1
WAS_09,1,0.225981935,-0.061843116,0.600046451,2
WAS_10,0,0.611891887,-0.234915877,2.473031802,4
WAS_11,0,0.800215944,0.111229645,-1.572616557,4
WAS_12,0,1.978527666,1.322738973,1.948595904,4
WAS_13,0,1.898258396,1.322738973,-0.89834183,4
WAS_14,0,1.398119097,-0.5810614,-1.497697142,4
WAS_15,0,1.289035217,2.534248301,-1.048180658,4
WAS_16,0,2.168909909,-0.407988639,-1.347858314,4
