team_id,year,team,Points_Per_Game_Allowed,Run_Yards_Allowed_Per_Game_Rank,Turnovers_Forced_Per_Game,Opponent_Avg_Penalty_Yardage,Pass_Yards_Allowed_Per_Game_Rank,Points_Per_Game_Allowed_Rank,Turnovers_Forced_Per_Game_Rank,Total_Yards_Per_Game_Allowed_Rank,Sacks_Per_Game_Rank,Sacks_Per_Game,Opponent_Penalties_Per_Game,Pass_Yards_Allowed_Per_Game,Total_Yards_Per_Game_Allowed,Run_Yards_Allowed_Per_Game
ARI_00,2000,Arizona Cardinals,27.6875,30,1.25,9.520833333,11,30,29,30,27,1.5625,6,195.5,358.5625,163.0625
ARI_01,2001,Arizona Cardinals,21.4375,24,1.5,8.909090909,26,22,25,28,31,1.1875,6.875,224.875,355.3125,130.4375
ARI_02,2002,Arizona Cardinals,26.0625,30,1.5625,8.72972973,28,29,24,29,29,1.3125,6.9375,242.125,376.25,134.125
ARI_03,2003,Arizona Cardinals,28.25,19,1.4375,8.76744186,29,32,24,26,29,1.3125,5.375,224.3125,344,119.6875
ARI_04,2004,Arizona Cardinals,20.125,27,1.875,8.064748201,9,12,13,12,8,2.375,8.6875,189.75,321.3125,131.5625
ARI_05,2005,Arizona Cardinals,24.1875,10,1.625,7.951456311,12,26,21,8,11,2.3125,6.4375,193.5625,295.5625,102
ARI_06,2006,Arizona Cardinals,24.3125,16,2.0625,8.578947368,30,29,5,29,8,2.375,5.9375,230.875,349.4375,118.5625
ARI_07,2007,Arizona Cardinals,24.9375,9,1.8125,7.466101695,28,27,15,17,15,2.25,7.375,232.25,330.1875,97.9375
ARI_08,2008,Arizona Cardinals,26.625,16,1.875,8.326530612,22,28,5,19,23,1.9375,6.125,221.25,331.5,110.25
ARI_09,2009,Arizona Cardinals,20.3125,17,1.8125,8.076923077,23,14,10,20,5,2.6875,6.5,233.6875,346.4375,112.75
ARI_10,2010,Arizona Cardinals,27.125,30,1.875,8.277777778,23,30,8,29,21,2.0625,6.75,228.375,373.5625,145.1875
ARI_11,2011,Arizona Cardinals,21.75,21,1.1875,7.786885246,17,17,26,18,6,2.625,7.625,231,355.125,124.125
ARI_12,2012,Arizona Cardinals,22.3125,28,2.0625,8.1,5,17,4,12,8,2.375,6.25,200.8125,337.8125,137
ARI_13,2013,Arizona Cardinals,20.25,1,1.875,8.648648649,14,7,6,6,3,2.9375,6.9375,233,317.4375,84.4375
ARI_14,2014,Arizona Cardinals,18.6875,13,1.5625,9.169230769,29,5,14,24,18,2.1875,8.125,259.5,368.1875,108.6875
ARI_15,2015,Arizona Cardinals,19.5625,6,2.0625,9.246153846,8,7,2,5,15,2.25,8.125,230.4375,321.6875,91.25
ARI_16,2016,Arizona Cardinals,22.625,9,1.75,8.211382114,4,14,4,2,1,3,7.6875,210.3125,305.1875,94.875
ATL_00,2000,Atlanta Falcons,25.8125,27,1.5625,8.278688525,24,26,20,25,23,1.9375,7.625,226.5,350.4375,123.9375
ATL_01,2001,Atlanta Falcons,23.5625,21,1.875,8.783505155,30,24,14,30,26,2.3125,6.0625,243.875,365.3125,121.4375
ATL_02,2002,Atlanta Falcons,19.625,23,2.4375,8.214285714,16,8,2,19,19,2.9375,7,205.4375,333.375,127.9375
ATL_03,2003,Atlanta Falcons,26.375,29,1.9375,7.7,32,30,11,32,7,2.25,8.125,237.5,381.75,144.25
ATL_04,2004,Atlanta Falcons,21.0625,8,2,7.209302326,22,14,11,14,21,3,8.0625,220.375,325.4375,105.0625
ATL_05,2005,Atlanta Falcons,21.3125,26,1.8125,8.605263158,14,18,14,22,23,2.3125,7.125,196.0625,325,128.9375
ATL_06,2006,Atlanta Falcons,20.5,9,1.625,8.070707071,29,15,21,22,11,2.3125,6.1875,229.25,332.8125,103.5625
ATL_07,2007,Atlanta Falcons,25.875,26,1.75,8.879120879,23,29,17,29,3,1.5625,5.6875,228.4375,355.5,127.0625
ATL_08,2008,Atlanta Falcons,20.3125,25,1.125,7.834862385,21,11,28,24,15,2.125,6.8125,220.375,347.875,127.5
ATL_09,2009,Atlanta Falcons,20.3125,10,1.75,8.109090909,28,14,12,21,1,1.75,6.875,241.9375,348.875,106.9375
ATL_10,2010,Atlanta Falcons,18,10,1.9375,8.646551724,22,5,7,16,11,1.9375,7.25,226.5625,332.4375,105.875
ATL_11,2011,Atlanta Falcons,21.875,6,1.8125,8.346534653,20,18,10,12,11,2.0625,6.3125,236.625,333.625,97
ATL_12,2012,Atlanta Falcons,18.6875,21,1.9375,7.722891566,23,5,5,24,27,1.8125,5.1875,242.375,365.5625,123.1875
ATL_13,2013,Atlanta Falcons,27.6875,31,1.3125,8.509615385,21,27,24,27,19,2,6.5,243.5625,379.375,135.8125
ATL_14,2014,Atlanta Falcons,26.0625,21,1.75,8.175824176,32,27,6,32,28,1.375,5.6875,279.875,398.25,118.375
ATL_15,2015,Atlanta Falcons,21.5625,14,1.4375,7.663157895,18,14,16,16,23,1.1875,5.9375,242.625,347.625,105
ATL_16,2016,Atlanta Falcons,25.375,17,1.375,8.619469027,28,27,16,25,18,2.125,7.0625,266.6875,371.1875,104.5
BAL_00,2000,Baltimore Ravens,10.3125,1,3.0625,6.369047619,8,1,1,2,27,2.1875,5.25,187.3125,247.9375,60.625
BAL_01,2001,Baltimore Ravens,16.5625,4,1.75,8.6,8,4,16,2,20,2.8125,6.5625,189.6875,277.875,88.1875
BAL_02,2002,Baltimore Ravens,22.125,13,1.9375,8.403846154,26,19,8,22,30,2.0625,6.5,224.4375,334.5625,110.125
BAL_03,2003,Baltimore Ravens,17.5625,6,2.5625,8.820754717,4,6,2,3,31,2.9375,6.625,175.3125,271.3125,96
BAL_04,2004,Baltimore Ravens,16.75,8,2.125,7.881188119,10,6,7,6,16,2.4375,6.3125,195.125,300.1875,105.0625
BAL_05,2005,Baltimore Ravens,18.6875,9,1.625,7.672727273,8,10,21,5,25,2.625,6.875,184.875,284.3125,99.4375
BAL_06,2006,Baltimore Ravens,12.5625,2,2.5,7.341772152,6,1,2,1,2,3.75,4.9375,188.1875,264.0625,75.875
BAL_07,2007,Baltimore Ravens,24,2,1.4375,8.666666667,20,22,26,6,12,2,5.25,222.3125,301.5625,79.25
BAL_08,2008,Baltimore Ravens,15.25,3,2.125,6.947368421,2,3,1,2,9,2.125,7.125,179.6875,261.0625,81.375
BAL_09,2009,Baltimore Ravens,16.3125,5,2,8.420454545,8,3,7,3,15,2,5.5,207.25,300.5,93.25
BAL_10,2010,Baltimore Ravens,16.875,5,1.6875,8.41025641,21,3,15,10,6,1.6875,7.3125,224.9375,318.875,93.9375
BAL_11,2011,Baltimore Ravens,16.625,2,1.625,10.01941748,4,3,13,3,18,3,6.4375,196.25,288.875,92.625
BAL_12,2012,Baltimore Ravens,21.5,20,1.5625,8.682242991,17,12,14,17,5,2.3125,6.6875,228.125,350.9375,122.8125
BAL_13,2013,Baltimore Ravens,22,11,1.5,9.492063492,12,12,19,12,11,2.5,7.875,230.0625,335.5,105.4375
BAL_14,2014,Baltimore Ravens,18.875,4,1.375,9.154545455,23,6,22,8,7,3.0625,6.875,248.6875,336.9375,88.25
BAL_15,2015,Baltimore Ravens,25.0625,12,0.875,7.262135922,10,24,30,8,1,2.3125,6.4375,233.5625,337.375,103.8125
BAL_16,2016,Baltimore Ravens,20.0625,5,1.75,9.574468085,9,9,4,7,20,1.9375,5.875,232.75,322.125,89.375
BUF_00,2000,Buffalo Bills,21.875,6,1.8125,8.786407767,4,18,16,3,16,2.625,6.4375,179.1875,276.625,97.4375
BUF_01,2001,Buffalo Bills,26.25,26,1.1875,8.978494624,13,29,30,21,20,2.125,5.8125,197.4375,330.75,133.3125
BUF_02,2002,Buffalo Bills,24.8125,29,1.1875,9,6,27,32,15,29,1.9375,7.3125,191.6875,324.3125,132.625
BUF_03,2003,Buffalo Bills,17.4375,8,1.125,9.054545455,2,5,32,2,4,2.375,6.875,169.1875,269.5625,100.375
BUF_04,2004,Buffalo Bills,17.75,7,2.4375,7.208333333,3,8,1,2,13,2.8125,7.5,164,264.25,100.25
BUF_05,2005,Buffalo Bills,22.9375,31,1.875,7.290322581,19,24,11,29,9,2.375,7.75,205.6875,343.5,137.8125
BUF_06,2006,Buffalo Bills,19.4375,28,1.5,7.877777778,7,10,25,18,3,2.5,5.625,188.6875,329.5625,140.875
BUF_07,2007,Buffalo Bills,22.125,25,1.875,7.767123288,29,18,11,31,13,1.625,4.5625,238.375,362.9375,124.5625
BUF_08,2008,Buffalo Bills,21.375,22,1.375,7.5,13,14,20,14,23,1.5,4.5,204.4375,326.0625,121.625
BUF_09,2009,Buffalo Bills,20.375,30,2.0625,8.588785047,2,16,5,19,25,2,6.6875,184.25,340.5625,156.3125
BUF_10,2010,Buffalo Bills,26.5625,32,1.375,7.458823529,3,28,25,24,7,1.6875,5.3125,192,361.625,169.625
BUF_11,2011,Buffalo Bills,27.125,28,1.9375,10.24705882,19,30,5,26,15,1.8125,5.3125,232.125,371.125,139
BUF_12,2012,Buffalo Bills,27.1875,31,1.3125,8.6625,10,26,23,22,4,2.25,5,217.0625,362.875,145.8125
BUF_13,2013,Buffalo Bills,24.25,28,1.875,8.62037037,4,20,6,10,11,3.5625,6.75,204.4375,333.375,128.9375
BUF_14,2014,Buffalo Bills,18.0625,11,1.875,8.163461538,3,4,3,4,21,3.375,6.5,205.75,312.1875,106.4375
BUF_15,2015,Buffalo Bills,22.4375,16,1.5625,8.017699115,19,15,12,19,24,1.3125,7.0625,248.25,356.375,108.125
BUF_16,2016,Buffalo Bills,23.625,29,1.125,8.339622642,6,16,23,19,17,2.4375,6.625,223.875,357,133.125
CAR_00,2000,Carolina Panthers,19.375,26,2.375,8.3828125,26,12,6,27,8,1.6875,8,232,353.5,121.5
CAR_01,2001,Carolina Panthers,25.625,31,2.25,8.260416667,28,28,7,31,17,1.625,6,227.625,371.4375,143.8125
CAR_02,2002,Carolina Panthers,18.875,8,2.0625,7.979591837,4,5,7,2,13,3.25,6.125,187.0625,290.375,103.3125
CAR_03,2003,Carolina Panthers,19,11,1.625,9.108108108,9,10,18,8,28,2.5,6.9375,187.6875,295.3125,107.625
CAR_04,2004,Carolina Panthers,21.1875,17,2.375,9.213675214,18,15,2,20,30,2.125,7.3125,217.375,336.375,119
CAR_05,2005,Carolina Panthers,16.1875,4,2.625,8.1640625,9,5,2,3,23,2.8125,8,191.0625,282.625,91.5625
CAR_06,2006,Carolina Panthers,19.0625,11,1.375,8.258426966,4,8,28,7,26,2.5625,5.5625,187.5,296.0625,108.5625
CAR_07,2007,Carolina Panthers,21.6875,18,1.875,9.04,17,15,11,16,25,1.4375,6.25,214.125,324.8125,110.6875
CAR_08,2008,Carolina Panthers,20.5625,20,1.5625,8.363636364,16,12,15,18,20,2.3125,5.5,211.6875,331.1875,119.5
CAR_09,2009,Carolina Panthers,19.25,22,2.3125,7.707317073,4,9,4,8,1,1.9375,5.125,191,315.8125,124.8125
CAR_10,2010,Carolina Panthers,25.5,23,1.8125,8.5,11,26,11,18,2,1.9375,5.625,212.0625,335.875,123.8125
CAR_11,2011,Carolina Panthers,26.8125,25,1.5,9.193877551,24,27,17,28,32,1.9375,6.125,246.8125,377.625,130.8125
CAR_12,2012,Carolina Panthers,22.6875,14,1.4375,8.26744186,13,18,18,10,15,2.4375,5.375,223,333.0625,110.0625
CAR_13,2013,Carolina Panthers,15.0625,2,1.875,8.964285714,6,2,6,2,4,3.75,5.25,214.3125,301.25,86.9375
CAR_14,2014,Carolina Panthers,23.375,16,1.625,7.835051546,11,21,10,10,6,2.5,6.0625,227.8125,339.8125,112
CAR_15,2015,Carolina Panthers,19.25,4,2.4375,8.303030303,11,6,1,6,7,2.75,6.1875,234.5,322.9375,88.4375
CAR_16,2016,Carolina Panthers,25.125,6,1.6875,8.098214286,29,26,7,21,10,2.9375,7,268.1875,359.75,91.5625
CHI_00,2000,Chicago Bears,22.1875,19,1.25,9.320512821,17,20,29,16,19,2.25,4.875,212.9375,327.125,114.1875
CHI_01,2001,Chicago Bears,12.6875,2,2.3125,8.329896907,29,1,5,15,26,3,6.0625,229.0625,311.125,82.0625
CHI_02,2002,Chicago Bears,23.6875,26,1.75,8.130434783,24,25,17,25,28,2.1875,7.1875,220.625,350.375,129.75
CHI_03,2003,Chicago Bears,21.625,16,1.25,8.021505376,13,22,28,14,3,1.125,5.8125,192.625,309.1875,116.5625
CHI_04,2004,Chicago Bears,20.6875,25,1.8125,7.616666667,15,13,16,21,13,2.1875,7.5,208.75,336.875,128.125
CHI_05,2005,Chicago Bears,12.625,11,2.125,8.610169492,5,1,6,2,21,2.5625,7.375,179.5,281.8125,102.3125
CHI_06,2006,Chicago Bears,15.9375,6,2.75,8.212121212,11,3,1,5,8,2.5,8.25,194.75,294.125,99.375
CHI_07,2007,Chicago Bears,21.75,24,2.0625,7.282608696,27,16,8,28,12,2.5625,5.75,231.75,354.6875,122.9375
CHI_08,2008,Chicago Bears,21.875,5,2,8.27,30,16,2,21,31,1.75,6.25,241.1875,334.6875,93.5
CHI_09,2009,Chicago Bears,23.4375,23,1.75,8.454545455,13,21,12,17,13,2.1875,5.5,211.375,337.75,126.375
CHI_10,2010,Chicago Bears,17.875,2,2.1875,8.494623656,20,4,3,9,27,2.125,5.8125,224.25,314.3125,90.0625
CHI_11,2011,Chicago Bears,21.3125,5,1.9375,7.336734694,28,14,5,17,27,2.0625,6.125,254.0625,350.4375,96.375
CHI_12,2012,Chicago Bears,17.3125,8,2.75,9.025641026,8,3,1,5,27,2.5625,4.875,213.9375,315.625,101.6875
CHI_13,2013,Chicago Bears,29.875,32,1.75,9.376811594,15,30,13,30,11,1.9375,4.3125,233.125,394.5625,161.4375
CHI_14,2014,Chicago Bears,27.625,17,1.5,9.226415094,30,31,20,30,1,2.4375,6.625,264.375,377.0625,112.6875
CHI_15,2015,Chicago Bears,24.8125,23,1.0625,9.132653061,4,20,28,14,9,2.1875,6.125,224.5625,345.4375,120.875
CHI_16,2016,Chicago Bears,24.9375,27,0.6875,9.310679612,7,24,32,15,5,2.3125,6.4375,224.875,346.75,121.875
CIN_00,2000,Cincinnati Bengals,22.4375,24,1.3125,8.034782609,23,21,27,22,4,1.625,7.1875,222.625,342.9375,120.3125
CIN_01,2001,Cincinnati Bengals,19.3125,11,1.75,8.287128713,12,14,16,9,16,3,6.3125,197.3125,302,104.6875
CIN_02,2002,Cincinnati Bengals,28.5,22,1.25,8.584158416,13,32,31,17,1,1.5,6.3125,203.875,329.0625,125.1875
CIN_03,2003,Cincinnati Bengals,24,25,1.5,8.527777778,24,28,23,28,16,1.875,6.75,212.625,351.25,138.625
CIN_04,2004,Cincinnati Bengals,23.25,26,2.25,8.367924528,13,21,3,19,13,2.3125,6.625,206.4375,335.3125,128.875
CIN_05,2005,Cincinnati Bengals,21.875,20,2.75,8.954545455,26,22,1,28,19,1.75,6.875,223.0625,338.6875,115.625
CIN_06,2006,Cincinnati Bengals,20.6875,15,1.9375,8.618556701,31,17,8,30,16,2.1875,6.0625,238.625,355.0625,116.4375
CIN_07,2007,Cincinnati Bengals,24.0625,21,2.1875,8.090909091,26,24,3,27,3,1.375,5.5,230.4375,348.75,118.3125
CIN_08,2008,Cincinnati Bengals,22.75,21,1.5,7.568627451,15,19,17,12,19,1.0625,6.375,205.4375,325.5,120.0625
CIN_09,2009,Cincinnati Bengals,18.1875,7,1.5625,7.747474747,6,6,19,4,32,2.125,6.1875,203.0625,301.375,98.3125
CIN_10,2010,Cincinnati Bengals,24.6875,19,1.625,8.168421053,14,24,17,15,19,1.6875,5.9375,216.8125,332,115.1875
CIN_11,2011,Cincinnati Bengals,20.1875,10,1.375,8.693069307,9,9,22,7,6,2.8125,6.3125,211.5625,316.25,104.6875
CIN_12,2012,Cincinnati Bengals,20,12,1.875,8.655555556,7,8,8,6,9,3.1875,5.625,212.5,319.6875,107.1875
CIN_13,2013,Cincinnati Bengals,19.0625,5,1.9375,10.02898551,5,5,3,3,6,2.6875,4.3125,209,305.5,96.5
CIN_14,2014,Cincinnati Bengals,21.5,20,1.625,8.342857143,20,12,10,22,31,1.25,6.5625,243,359.3125,116.3125
CIN_15,2015,Cincinnati Bengals,17.4375,7,1.75,9.163793103,20,2,6,11,19,2.625,7.25,248.5,340.8125,92.3125
CIN_16,2016,Cincinnati Bengals,19.6875,21,1.25,9.047619048,11,8,19,17,25,2.0625,6.5625,237.5,350.75,113.25
CLE_00,2000,Cleveland Browns,26.1875,29,1.5625,8.816901408,12,27,20,26,26,2.625,4.4375,196.125,352.6875,156.5625
CLE_01,2001,Cleveland Browns,19.9375,29,2.625,7.563106796,10,15,1,22,6,2.6875,6.4375,193.0625,331.0625,138
CLE_02,2002,Cleveland Browns,20,27,1.8125,7.978021978,15,10,14,21,27,1.75,5.6875,204.3125,334.25,129.9375
CLE_03,2003,Cleveland Browns,20.125,23,1.375,7.765957447,7,12,25,15,11,2.1875,8.8125,177.875,309.9375,132.0625
CLE_04,2004,Cleveland Browns,24.375,32,1.75,8.165137615,5,24,17,15,19,2,6.8125,181.3125,325.9375,144.625
CLE_05,2005,Cleveland Browns,18.8125,30,1.4375,7.381443299,4,11,25,16,13,1.4375,6.0625,179.1875,316.8125,137.625
CLE_06,2006,Cleveland Browns,22.25,29,1.6875,8.071428571,15,22,18,27,19,1.75,5.25,202.625,344.6875,142.0625
CLE_07,2007,Cleveland Browns,23.875,27,1.6875,7.2625,24,21,19,30,20,1.75,5,230.0625,359.5625,129.5
CLE_08,2008,Cleveland Browns,21.875,28,1.9375,8.105263158,14,16,3,26,9,1.0625,5.9375,204.5625,356.5,151.9375
CLE_09,2009,Cleveland Browns,23.4375,28,1.1875,8.03960396,29,21,31,31,22,2.5,6.3125,244.6875,389.3125,144.625
CLE_10,2010,Cleveland Browns,20.75,27,1.75,8.717647059,18,13,13,22,10,1.8125,5.3125,220.6875,350.0625,129.375
CLE_11,2011,Cleveland Browns,19.1875,30,1.25,8.066666667,2,5,25,10,27,2,5.625,184.9375,332.375,147.4375
CLE_12,2012,Cleveland Browns,23,19,1.8125,8.4,25,19,9,23,2,2.375,7.5,245.1875,363.8125,118.625
CLE_13,2013,Cleveland Browns,25.375,18,1.3125,7.842105263,8,23,24,9,28,2.5,5.9375,221.125,332.4375,111.3125
CLE_14,2014,Cleveland Browns,21.0625,32,1.8125,7.846938776,8,9,4,23,20,1.9375,6.125,224.5,366.0625,141.5625
CLE_15,2015,Cleveland Browns,27,30,1.3125,7.712962963,22,29,22,27,10,1.8125,6.75,250.75,379.1875,128.4375
CLE_16,2016,Cleveland Browns,28.25,31,0.8125,8.942307692,21,30,30,31,22,1.625,6.5,249.75,392.4375,142.6875
DAL_00,2000,Dallas Cowboys,22.5625,31,1.5625,9.25,3,22,20,19,12,1.5625,6.75,168.3125,333.0625,164.75
DAL_01,2001,Dallas Cowboys,21.125,13,1.5625,9.188405797,3,20,23,4,30,1.5,4.3125,180.5625,287.4375,106.875
DAL_02,2002,Dallas Cowboys,20.5625,15,1.875,7.722689076,19,13,11,18,32,1.5,7.4375,215.5625,329.1875,113.625
DAL_03,2003,Dallas Cowboys,16.25,3,1.5625,8.670454545,1,2,20,1,16,2,5.5,164.4375,253.5,89.0625
DAL_04,2004,Dallas Cowboys,25.3125,10,1.375,8.451923077,21,27,25,16,26,2.0625,6.5,220.0625,330.3125,110.25
DAL_05,2005,Dallas Cowboys,19.25,15,1.625,7.147887324,11,12,21,10,3,2.3125,8.875,192.6875,300.875,108.1875
DAL_06,2006,Dallas Cowboys,21.875,10,1.9375,9.623655914,24,20,8,13,1,2.125,5.8125,219.125,322.8125,103.6875
DAL_07,2007,Dallas Cowboys,20.3125,6,1.8125,9.235294118,13,13,15,9,4,2.875,5.3125,213.0625,307.625,94.5625
DAL_08,2008,Dallas Cowboys,22.8125,12,1.375,6.908045977,5,20,20,8,31,3.6875,5.4375,187.6875,294.3125,106.625
DAL_09,2009,Dallas Cowboys,15.625,4,1.3125,8.258064516,20,2,27,9,6,2.625,5.8125,225.375,315.875,90.5
DAL_10,2010,Dallas Cowboys,27.25,12,1.875,8.113924051,26,31,8,23,17,2.1875,4.9375,243.375,351.75,108.375
DAL_11,2011,Dallas Cowboys,21.6875,7,1.5625,7.647058824,23,16,16,14,6,2.625,5.3125,244.125,343.1875,99.0625
DAL_12,2012,Dallas Cowboys,25,22,1,8.157303371,19,24,28,19,18,2.125,5.5625,230.25,355.4375,125.1875
DAL_13,2013,Dallas Cowboys,27,27,1.75,7.8125,30,26,13,32,12,2.125,7,286.8125,415.3125,128.5
DAL_14,2014,Dallas Cowboys,22,8,1.9375,8.278846154,26,15,2,19,22,1.75,6.5,251.9375,355.0625,103.125
DAL_15,2015,Dallas Cowboys,23.375,22,0.6875,7.96460177,5,16,32,17,12,1.9375,7.0625,227.25,347.9375,120.6875
DAL_16,2016,Dallas Cowboys,19.125,1,1.25,8.711111111,26,5,19,14,6,2.25,5.625,260.4375,343.9375,83.5
DEN_00,2000,Denver Broncos,23.0625,7,2.75,8.23853211,31,23,2,24,4,2.75,6.8125,246.625,346.5,99.875
DEN_01,2001,Denver Broncos,21.1875,6,2.3125,8.53,16,21,5,8,22,2.4375,6.25,205.125,298.375,93.25
DEN_02,2002,Denver Broncos,21.5,4,1.375,8.373737374,17,15,29,6,12,2.5,6.1875,208.5625,301.625,93.0625
DEN_03,2003,Denver Broncos,18.8125,7,1.25,7.525547445,6,9,28,4,18,2.25,8.5625,176.75,277.0625,100.3125
DEN_04,2004,Denver Broncos,19,4,1.25,8.85,6,9,29,4,29,2.375,7.5,184.1875,278.6875,94.5
DEN_05,2005,Denver Broncos,16.125,2,2.25,7.115107914,29,3,4,15,24,1.75,8.6875,227.6875,312.875,85.1875
DEN_06,2006,Denver Broncos,19.0625,12,1.875,8.092783505,21,8,10,14,24,2.25,6.0625,212.9375,326.25,113.3125
DEN_07,2007,Denver Broncos,25.5625,30,1.875,7.658536585,7,28,11,19,32,2.0625,5.125,193.375,336,142.625
DEN_08,2008,Denver Broncos,28,27,0.8125,8.891566265,26,30,32,29,5,1.625,5.1875,228.5,374.5625,146.0625
DEN_09,2009,Denver Broncos,20.25,26,1.875,9.307692308,3,12,9,7,21,2.4375,4.875,186.3125,315,128.6875
DEN_10,2010,Denver Broncos,29.4375,31,1.125,9.397959184,25,32,30,32,17,1.4375,6.125,236.25,390.8125,154.5625
DEN_11,2011,Denver Broncos,24.375,22,1.125,8.535353535,18,24,28,20,7,2.5625,6.1875,231.5,357.8125,126.3125
DEN_12,2012,Denver Broncos,18.0625,3,1.5,7.731707317,3,4,16,2,5,3.25,7.6875,199.625,290.75,91.125
DEN_13,2013,Denver Broncos,24.9375,7,1.625,8.319587629,27,22,16,19,19,2.5625,6.0625,254.375,356,101.625
DEN_14,2014,Denver Broncos,22.125,2,1.5625,7.922330097,9,16,14,3,21,2.5625,6.4375,225.4375,305.1875,79.75
DEN_15,2015,Denver Broncos,18.5,3,1.6875,7.432692308,1,4,8,1,27,3.25,6.5,199.5625,283.125,83.5625
DEN_16,2016,Denver Broncos,18.5625,28,1.6875,9,1,4,7,4,21,2.625,6.875,185.75,316.0625,130.3125
DET_00,2000,Detroit Lions,19.1875,18,2.625,8.151785714,15,11,3,14,28,1.75,7,200.625,314.5625,113.9375
DET_01,2001,Detroit Lions,26.5,23,1.375,9.431578947,25,30,29,26,28,1.9375,5.9375,220.5,345.0625,124.5625
DET_02,2002,Detroit Lions,28.1875,17,1.5,8.605263158,30,31,26,31,30,2.0625,7.125,259.375,382.3125,122.9375
DET_03,2003,Detroit Lions,23.6875,15,1.75,8.008403361,28,25,14,24,30,1.75,7.4375,223.625,335,111.375
DET_04,2004,Detroit Lions,21.875,15,1.5,8.561403509,20,18,24,22,17,2.375,7.125,219.625,337.5625,117.9375
DET_05,2005,Detroit Lions,21.5625,24,1.9375,7.330769231,13,21,7,20,16,1.9375,8.125,194.875,322.375,127.5
DET_06,2006,Detroit Lions,24.875,21,1.875,8.519607843,25,30,10,28,8,1.875,6.375,220,345.625,125.625
DET_07,2007,Detroit Lions,27.75,23,2.1875,7.938053097,31,32,3,32,13,2.3125,7.0625,258.1875,377.625,119.4375
DET_08,2008,Detroit Lions,32.3125,32,1.25,8.274725275,27,32,26,32,2,1.875,5.6875,232.25,404.375,172.125
DET_09,2009,Detroit Lions,30.875,25,1.4375,8.353982301,32,32,24,32,1,1.625,7.0625,265.5625,392.125,126.5625
DET_10,2010,Detroit Lions,23.0625,24,1.8125,8.056603774,16,19,11,21,3,2.75,6.625,218.625,343.5625,124.9375
DET_11,2011,Detroit Lions,24.1875,23,2.125,8.25210084,22,23,3,23,12,2.5625,7.4375,239.4375,367.5625,128.125
DET_12,2012,Detroit Lions,27.3125,16,1.0625,8.483870968,14,27,27,13,3,2.125,5.8125,223.0625,341.125,118.0625
DET_13,2013,Detroit Lions,23.5,6,1.375,7.827586207,23,15,21,16,13,2.0625,5.4375,246.875,346.625,99.75
DET_14,2014,Detroit Lions,17.625,1,1.6875,8.575757576,13,3,8,2,13,2.625,6.1875,231.625,300.9375,69.3125
DET_15,2015,Detroit Lions,25,19,1.1875,8.177083333,15,23,25,18,24,2.6875,6,236.8125,349.8125,113
DET_16,2016,Detroit Lions,22.375,18,0.875,8.024590164,19,13,28,18,19,1.625,7.625,248.4375,354.75,106.3125
GB_00,2000,Green Bay Packers,20.1875,8,1.75,9.821782178,19,14,19,15,10,2.375,6.3125,215.6875,316.8125,101.125
GB_01,2001,Green Bay Packers,16.625,16,2.4375,8.855769231,15,5,2,12,10,3.25,6.5,198,308.5625,110.5625
GB_02,2002,Green Bay Packers,20.5,21,2.8125,9.642857143,3,12,1,12,8,2.6875,6.125,186.6875,311.5625,124.875
GB_03,2003,Green Bay Packers,19.1875,10,2,7.907216495,23,11,10,17,15,2.125,6.0625,212.5,318.8125,106.3125
GB_04,2004,Green Bay Packers,23.75,14,0.9375,8.410714286,25,23,31,25,21,2.5,7,228.9375,346.3125,117.375
GB_05,2005,Green Bay Packers,21.5,23,1.3125,9.948979592,1,19,26,7,20,2.1875,6.125,167.5,293.125,125.625
GB_06,2006,Green Bay Packers,22.875,13,2.0625,7.319587629,17,25,5,12,5,2.875,6.0625,206.8125,320.875,114.0625
GB_07,2007,Green Bay Packers,18.1875,14,1.75,7.694915254,12,6,17,11,13,2.25,7.375,210.375,313.3125,102.9375
GB_08,2008,Green Bay Packers,23.75,26,1.75,8.101123596,12,22,12,20,11,1.6875,5.5625,202.75,334.3125,131.5625
GB_09,2009,Green Bay Packers,18.5625,1,2.5,8.542056075,5,7,1,2,18,2.3125,6.6875,201.125,284.4375,83.3125
GB_10,2010,Green Bay Packers,15,18,2,7.734693878,5,2,6,5,15,2.9375,6.125,194.1875,309.0625,114.875
GB_11,2011,Green Bay Packers,22.4375,14,2.375,7.770491803,32,19,1,32,28,1.8125,7.625,299.75,411.5625,111.8125
GB_12,2012,Green Bay Packers,21,17,1.4375,8.577235772,11,11,18,11,18,2.9375,7.6875,218.25,336.75,118.5
GB_13,2013,Green Bay Packers,26.75,25,1.375,8.919191919,24,24,21,25,22,2.75,6.1875,247.25,372.25,125
GB_14,2014,Green Bay Packers,21.75,23,1.6875,9.086538462,10,13,8,15,31,2.5625,6.5,226.4375,346.375,119.9375
GB_15,2015,Green Bay Packers,20.1875,21,1.375,9.225,6,12,19,15,13,2.6875,7.5,227.625,346.6875,119.0625
GB_16,2016,Green Bay Packers,24.25,8,1.5625,8.844036697,31,21,11,22,32,2.5,6.8125,269.25,363.9375,94.6875
HOU_02,2002,Houston Texans,22.25,28,1.3125,9.362745098,10,20,30,16,8,2.1875,6.375,196.3125,326.875,130.5625
HOU_03,2003,Houston Texans,23.75,31,1.375,7.989583333,31,27,25,31,1,1.1875,6,232,380.125,148.125
HOU_04,2004,Houston Texans,21.1875,13,1.875,7.959349594,24,15,13,23,8,1.5,7.6875,225.9375,341.125,115.1875
HOU_05,2005,Houston Texans,26.9375,32,1,8.057142857,24,32,32,31,8,2.3125,6.5625,220.0625,364,143.9375
HOU_06,2006,Houston Texans,22.875,20,1.375,8.25,22,25,28,24,1,1.75,6,215.25,337.5,122.25
HOU_07,2007,Houston Texans,24,19,1.5625,7.580246914,25,22,22,24,7,1.9375,5.0625,230.125,344.1875,114.0625
HOU_08,2008,Houston Texans,24.625,23,1.375,8.135802469,17,27,20,22,26,1.5625,5.0625,213.9375,336.5625,122.625
HOU_09,2009,Houston Texans,20.8125,10,1.6875,7.913043478,18,17,16,13,11,1.875,5.75,217.9375,324.875,106.9375
HOU_10,2010,Houston Texans,26.6875,13,1.125,8.104761905,32,29,30,30,5,1.875,6.5625,267.5,376.9375,109.4375
HOU_11,2011,Houston Texans,17.375,4,1.6875,7.795454545,3,4,12,2,4,2.75,5.5,189.6875,285.6875,96
HOU_12,2012,Houston Texans,20.6875,7,1.8125,9.588888889,16,9,9,7,3,2.75,5.625,225.75,323.25,97.5
HOU_13,2013,Houston Texans,26.75,23,0.6875,7.854368932,3,24,32,7,28,2,6.4375,195.1875,317.5625,122.375
HOU_14,2014,Houston Texans,19.1875,10,2.125,7.939393939,21,7,1,16,24,2.375,6.1875,243.125,348.1875,105.0625
HOU_15,2015,Houston Texans,19.5625,10,1.5625,8.543103448,3,7,12,3,22,2.8125,7.25,210.375,310.1875,99.8125
HOU_16,2016,Houston Texans,20.5,12,1.0625,8.324561404,2,11,26,1,28,1.9375,7.125,201.625,301.3125,99.6875
IND_00,2000,Indianapolis Colts,20.375,25,1.375,7.961165049,18,15,25,21,15,2.625,6.4375,213.875,334.8125,120.9375
IND_01,2001,Indianapolis Colts,30.375,25,1.5625,7.90625,27,31,23,29,24,2.5,6,225,357.1875,132.1875
IND_02,2002,Indianapolis Colts,19.5625,20,1.6875,7.31372549,2,7,18,8,26,2.25,6.375,182.3125,306.8125,124.5
IND_03,2003,Indianapolis Colts,21,20,1.875,8.170731707,5,20,12,11,20,1.9375,7.6875,175.5625,299.3125,123.75
IND_04,2004,Indianapolis Colts,21.9375,24,2.25,7.560344828,28,19,3,29,28,2.8125,7.25,243.25,370.5625,127.3125
IND_05,2005,Indianapolis Colts,15.4375,16,1.9375,7.201680672,15,2,7,11,31,2.875,7.4375,196.9375,307.0625,110.125
IND_06,2006,Indianapolis Colts,22.5,32,1.625,7.755813953,2,23,21,21,6,1.5625,5.375,159.25,332.25,173
IND_07,2007,Indianapolis Colts,16.375,15,2.3125,8.494117647,2,1,2,3,15,1.75,5.3125,172.75,279.6875,106.9375
IND_08,2008,Indianapolis Colts,18.625,24,1.625,7.985294118,6,7,13,11,24,1.875,4.25,188.0625,310.9375,122.875
IND_09,2009,Indianapolis Colts,19.1875,24,1.625,9.663043478,14,8,18,18,26,2.125,5.75,212.6875,339.1875,126.5
IND_10,2010,Indianapolis Colts,24.25,25,1.3125,8.547368421,13,23,28,20,13,1.875,5.9375,214.5625,341.5625,127
IND_11,2011,Indianapolis Colts,26.875,29,1.0625,9.571428571,15,28,30,25,8,1.8125,5.25,227,370.9375,143.9375
IND_12,2012,Indianapolis Colts,24.1875,29,0.9375,9.4375,21,21,30,26,31,2,8,236.75,374.25,137.5
IND_13,2013,Indianapolis Colts,21,26,1.6875,8.839285714,13,9,15,20,13,2.625,7,231.9375,357.0625,125.125
IND_14,2014,Indianapolis Colts,23.0625,18,1.625,8.574257426,12,19,10,11,27,2.5625,6.3125,229.3125,342.6875,113.375
IND_15,2015,Indianapolis Colts,25.5,25,1.5625,8.781954887,24,25,12,26,8,2.1875,8.3125,257.125,379.125,122
IND_16,2016,Indianapolis Colts,24.5,25,1.0625,9.24,27,22,26,30,8,2.0625,7.8125,262.5,382.875,120.375
JAC_00,2000,Jacksonville Jaguars,20.4375,11,1.875,8.479166667,14,16,14,12,2,2.5,6,197.5,302.8125,105.3125
JAC_01,2001,Jacksonville Jaguars,17.875,10,1.5,8.6875,22,10,25,16,19,2.6875,6,216.1875,316.875,100.6875
JAC_02,2002,Jacksonville Jaguars,19.6875,25,1.6875,7.46875,14,9,18,20,1,2.25,6,204,333.4375,129.4375
JAC_03,2003,Jacksonville Jaguars,20.6875,2,1.6875,8.553398058,18,18,16,6,8,1.5,6.4375,203.1875,291.0625,87.875
JAC_04,2004,Jacksonville Jaguars,17.5,11,1.75,8.186440678,16,7,17,11,24,2.3125,7.375,209.8125,320.875,111.0625
JAC_05,2005,Jacksonville Jaguars,16.8125,14,1.75,8.115384615,7,6,15,6,17,2.9375,8.125,184.125,290.9375,106.8125
JAC_06,2006,Jacksonville Jaguars,17.125,4,1.5,8.55,10,4,25,2,23,2.1875,5,192.375,283.625,91.25
JAC_07,2007,Jacksonville Jaguars,19,11,1.875,7.756097561,15,10,11,12,5,2.3125,5.125,213.5,313.8125,100.3125
JAC_08,2008,Jacksonville Jaguars,22.9375,13,1.0625,8.6375,24,21,31,17,22,1.8125,5,224.125,330.9375,106.8125
JAC_09,2009,Jacksonville Jaguars,23.75,19,1.5625,7.78125,27,24,19,23,30,0.875,4,235.875,352.3125,116.4375
JAC_10,2010,Jacksonville Jaguars,26.1875,22,1.125,8.8,28,27,30,28,20,1.625,5.3125,250.25,371.8125,121.5625
JAC_11,2011,Jacksonville Jaguars,20.5625,9,1.75,8.523809524,8,11,11,6,3,1.9375,6.5625,208.8125,313,104.1875
JAC_12,2012,Jacksonville Jaguars,27.75,30,1.4375,8.118811881,22,29,18,30,29,1.25,6.3125,239.5,380.5,141
JAC_13,2013,Jacksonville Jaguars,28.0625,29,1.3125,8.379310345,25,28,24,27,3,1.9375,5.4375,247.625,379.375,131.75
JAC_14,2014,Jacksonville Jaguars,25.75,27,1.25,7.704347826,22,26,24,26,6,2.8125,7.1875,243.6875,370.75,127.0625
JAC_15,2015,Jacksonville Jaguars,28,15,1.125,8.675438596,29,31,27,24,15,2.25,7.125,268.1875,375,106.8125
JAC_16,2016,Jacksonville Jaguars,25,19,0.8125,9.386138614,5,25,30,6,8,2.0625,6.3125,215.25,321.6875,106.4375
KC_00,2000,Kansas City Chiefs,22.125,17,1.8125,9.444444444,20,19,16,18,17,3.1875,6.75,216.9375,330,113.0625
KC_01,2001,Kansas City Chiefs,21.5,27,1.625,8.747126437,14,23,22,23,10,1.9375,5.4375,197.75,331.5,133.75
KC_02,2002,Kansas City Chiefs,24.9375,24,1.9375,8.27,31,28,8,32,12,2.125,6.25,261.3125,390.5,129.1875
KC_03,2003,Kansas City Chiefs,20.75,30,2.3125,8.221052632,20,19,4,29,8,2.25,5.9375,210.1875,356.6875,146.5
KC_04,2004,Kansas City Chiefs,27.1875,12,1.3125,8.179487179,32,29,27,31,1,2.5625,7.3125,262.6875,377.3125,114.625
KC_05,2005,Kansas City Chiefs,20.3125,7,1.9375,8.944444444,30,16,7,25,21,1.8125,5.625,229.9375,328.0625,98.125
KC_06,2006,Kansas City Chiefs,19.6875,18,1.875,8.341176471,18,11,10,16,15,2,5.3125,208.375,328.875,120.5
KC_07,2007,Kansas City Chiefs,20.9375,28,1.375,7.315789474,5,14,28,13,32,2.3125,5.9375,188.875,319.4375,130.5625
KC_08,2008,Kansas City Chiefs,27.5,30,1.8125,7.259259259,28,29,9,31,31,0.625,5.0625,234.25,393.1875,158.9375
KC_09,2009,Kansas City Chiefs,26.5,31,1.75,7.745283019,22,29,12,30,12,1.375,6.625,231.6875,388.1875,156.5
KC_10,2010,Kansas City Chiefs,20.375,14,1.4375,8.306306306,17,11,23,14,27,2.4375,6.9375,219.9375,330.1875,110.25
KC_11,2011,Kansas City Chiefs,21.125,26,1.625,7.722222222,6,12,13,11,18,1.8125,6.75,201.3125,333.3125,132
KC_12,2012,Kansas City Chiefs,26.5625,27,0.8125,8.271604938,12,25,31,20,29,1.6875,5.0625,220.8125,356.5,135.6875
KC_13,2013,Kansas City Chiefs,19.0625,22,2.25,7.607142857,25,5,2,24,21,2.9375,7,247.625,367.8125,120.1875
KC_14,2014,Kansas City Chiefs,17.5625,28,0.875,7.953271028,2,2,30,7,21,2.875,6.6875,203.25,330.5,127.25
KC_15,2015,Kansas City Chiefs,17.9375,8,1.8125,8.554545455,9,3,5,7,5,2.9375,6.875,231.125,329.3125,98.1875
KC_16,2016,Kansas City Chiefs,19.4375,26,2.0625,7.311926606,18,7,1,24,5,1.75,6.8125,247.375,368.5,121.125
MIA_00,2000,Miami Dolphins,14.125,14,2.5625,9.220930233,5,3,4,6,17,3,5.375,181.25,289.75,108.5
MIA_01,2001,Miami Dolphins,18.125,17,1.75,7.597560976,1,11,16,5,11,2.3125,5.125,176.8125,288,111.1875
MIA_02,2002,Miami Dolphins,18.8125,5,1.875,7.79245283,8,4,11,3,3,2.9375,6.625,193.875,291,97.125
MIA_03,2003,Miami Dolphins,16.3125,5,2.25,7.816326531,19,3,6,10,18,2.75,6.125,208.4375,299.1875,90.75
MIA_04,2004,Miami Dolphins,22.125,31,1.5625,7.962616822,2,20,23,8,7,2.25,6.6875,162,305.875,143.875
MIA_05,2005,Miami Dolphins,19.8125,17,1.9375,7.876190476,20,15,7,18,9,3.0625,6.5625,206.6875,317.375,110.6875
MIA_06,2006,Miami Dolphins,17.6875,8,1.6875,7.956043956,5,5,18,4,14,2.9375,5.6875,187.9375,289.0625,101.125
MIA_07,2007,Miami Dolphins,27.3125,32,1.375,8.273972603,4,30,28,23,18,1.875,4.5625,188.6875,342.1875,153.5
MIA_08,2008,Miami Dolphins,19.8125,10,1.875,7.151162791,25,9,5,15,3,2.5,5.375,227.75,329,101.25
MIA_09,2009,Miami Dolphins,24.375,18,1.3125,8.068493151,24,25,27,22,2,2.75,4.5625,234.625,349.3125,114.6875
MIA_10,2010,Miami Dolphins,20.8125,7,1.1875,8.588235294,8,14,29,6,29,2.4375,5.3125,209.25,309.3125,100.0625
MIA_11,2011,Miami Dolphins,19.5625,3,1.1875,8.705357143,25,6,26,15,27,2.5625,7,249.5,345.125,95.625
MIA_12,2012,Miami Dolphins,19.8125,13,1,8.636363636,27,7,28,21,21,2.625,7.5625,248.375,356.75,108.375
MIA_13,2013,Miami Dolphins,20.9375,24,1.5,7.873684211,16,8,19,21,16,2.625,5.9375,234.5,359.375,124.875
MIA_14,2014,Miami Dolphins,23.3125,24,1.5625,8.761904762,6,20,14,12,21,2.4375,6.5625,222.3125,343.375,121.0625
MIA_15,2015,Miami Dolphins,24.3125,28,1,8.305785124,21,19,29,25,26,1.9375,7.5625,250,376.1875,126.1875
MIA_16,2016,Miami Dolphins,23.75,30,1.5625,8.431192661,15,18,11,29,21,2.0625,6.8125,242.1875,382.625,140.4375
MIN_00,2000,Minnesota Vikings,23.1875,15,1.125,7.182692308,28,24,31,28,6,1.9375,6.5,244.5625,356.3125,111.75
MIN_01,2001,Minnesota Vikings,24.375,30,1.125,9.5,18,26,31,27,7,1.875,5.75,210.4375,354.125,143.6875
MIN_02,2002,Minnesota Vikings,27.625,10,1.4375,8.24,29,30,27,26,17,1.6875,6.25,256.4375,360.5625,104.125
MIN_03,2003,Minnesota Vikings,22.0625,17,2.1875,8,26,23,7,23,19,2.3125,5.625,217.3125,334.75,117.4375
MIN_04,2004,Minnesota Vikings,24.6875,21,1.375,8.854545455,29,26,25,28,25,2.4375,6.875,243.5,368.875,125.375
MIN_05,2005,Minnesota Vikings,21.5,19,2.1875,7.226277372,22,19,5,21,25,2.125,8.5625,208.25,323.3125,115.0625
MIN_06,2006,Minnesota Vikings,20.4375,1,2.25,8.026785714,31,14,3,8,11,1.875,7,238.625,300.1875,61.5625
MIN_07,2007,Minnesota Vikings,19.4375,1,1.9375,6.936363636,32,12,9,20,10,2.375,6.875,264.0625,338.125,74.0625
MIN_08,2008,Minnesota Vikings,20.8125,1,1.5625,9.19266055,18,13,15,6,7,2.8125,6.8125,215.5625,292.4375,76.875
MIN_09,2009,Minnesota Vikings,19.5,2,1.5,8.275229358,19,10,22,6,9,3,6.8125,218.375,305.5,87.125
MIN_10,2010,Minnesota Vikings,21.75,9,1.625,8.020408163,9,18,17,8,5,1.9375,6.125,210.4375,312.625,102.1875
MIN_11,2011,Minnesota Vikings,28.0625,11,1.4375,8.597938144,26,31,20,21,15,3.125,6.0625,251.1875,358.1875,107
MIN_12,2012,Minnesota Vikings,21.75,11,1.375,8.54954955,24,14,22,16,29,2.75,6.9375,244.25,350,105.75
MIN_13,2013,Minnesota Vikings,30,16,1.25,10.03,31,32,27,31,11,2.5625,6.25,287.1875,397.625,110.4375
MIN_14,2014,Minnesota Vikings,21.4375,25,1.1875,8.375,7,11,25,14,3,2.5625,7,223.25,344.6875,121.4375
MIN_15,2015,Minnesota Vikings,18.875,17,1.375,8.027522936,12,5,19,13,17,2.6875,6.8125,235.125,344.375,109.25
MIN_16,2016,Minnesota Vikings,19.1875,20,1.6875,8.333333333,3,6,7,3,11,2.5625,6.1875,207.9375,314.875,106.9375
NE_00,2000,New England Patriots,21.125,21,1.4375,9.442105263,21,17,24,20,25,1.8125,5.9375,220.125,334.5625,114.4375
NE_01,2001,New England Patriots,17,19,2.1875,9.021505376,24,6,8,24,32,2.5625,5.8125,218.5625,334.5,115.9375
NE_02,2002,New England Patriots,21.625,31,1.8125,9.373737374,11,17,14,23,28,2.125,6.1875,198.6875,336.0625,137.375
NE_03,2003,New England Patriots,14.875,4,2.5625,7.897196262,15,1,2,7,22,2.5625,6.6875,202,291.625,89.625
NE_04,2004,New England Patriots,16.25,6,2.25,8.593220339,17,2,3,9,30,2.8125,7.375,212.5,310.75,98.25
NE_05,2005,New England Patriots,21.125,8,1.125,8.090909091,31,17,31,26,22,2.0625,8.25,231.4375,330.1875,98.75
NE_06,2006,New England Patriots,14.8125,5,2.1875,9,12,2,4,6,4,2.75,6.375,200.1875,294.375,94.1875
NE_07,2007,New England Patriots,17.125,10,1.9375,7.958333333,6,4,9,4,15,2.9375,6,190.0625,288.3125,98.25
NE_08,2008,New England Patriots,19.3125,15,1.375,7.851851852,11,8,20,10,19,1.9375,5.0625,201.375,309,107.625
NE_09,2009,New England Patriots,17.8125,13,1.75,8.571428571,12,5,12,11,31,1.9375,5.6875,209.6875,320.1875,110.5
NE_10,2010,New England Patriots,19.5625,11,2.375,8.178571429,30,8,2,25,11,2.25,5.25,258.5,366.5,108
NE_11,2011,New England Patriots,21.375,17,2.125,7.886956522,31,15,3,31,2,2.5,7.1875,293.9375,411.0625,117.125
NE_12,2012,New England Patriots,20.6875,9,2.5625,9.227722772,29,9,2,25,24,2.3125,6.3125,271.375,373.25,101.875
NE_13,2013,New England Patriots,21.125,30,1.8125,8.645454545,18,10,10,26,1,3,6.875,239,373.0625,134.0625
NE_14,2014,New England Patriots,19.5625,9,1.5625,8.173913043,17,8,14,13,2,2.5,5.75,239.8125,344.125,104.3125
NE_15,2015,New England Patriots,19.6875,9,1.3125,9.044642857,17,10,22,9,24,3.0625,7,240.75,339.375,98.625
NE_16,2016,New England Patriots,15.625,3,1.4375,8.230088496,12,1,14,8,22,2.125,7.0625,237.875,326.4375,88.5625
NO_00,2000,New Orleans Saints,19.0625,10,2.1875,7.971428571,10,10,8,8,20,4.125,6.5625,191.9375,296.4375,104.5
NO_01,2001,New Orleans Saints,25.5625,14,1.875,8.77,17,27,14,16,13,3.3125,6.25,209.6875,316.875,107.1875
NO_02,2002,New Orleans Saints,24.25,19,2.375,8.663636364,27,26,3,27,27,2.4375,6.875,237.8125,362.25,124.4375
NO_03,2003,New Orleans Saints,20.375,27,1.6875,10.01980198,8,14,16,18,23,2,6.3125,187.0625,327.125,140.0625
NO_04,2004,New Orleans Saints,25.3125,30,2.0625,8.109243697,27,27,8,32,18,2.3125,7.4375,243,383.8125,140.8125
NO_05,2005,New Orleans Saints,24.875,27,1.1875,7.755905512,3,28,29,14,32,1.5625,7.9375,178.0625,312.125,134.0625
NO_06,2006,New Orleans Saints,20.125,23,1.1875,7.573033708,3,13,31,11,31,2.375,5.5625,178.375,307.3125,128.9375
NO_07,2007,New Orleans Saints,24.25,13,1.4375,7.696629213,30,25,26,26,17,2,5.5625,245.25,348.125,102.875
NO_08,2008,New Orleans Saints,24.5625,17,1.375,7.583333333,23,26,20,23,27,1.75,5.25,221.6875,339.5,117.8125
NO_09,2009,New Orleans Saints,21.3125,21,2.4375,8.337209302,26,20,2,25,30,2.1875,5.375,235.5625,357.75,122.1875
NO_10,2010,New Orleans Saints,19.1875,16,1.5625,7.965909091,4,7,20,4,5,2.0625,5.5,193.9375,306.25,112.3125
NO_11,2011,New Orleans Saints,21.1875,12,1,8.366972477,30,13,31,24,10,2.0625,6.8125,259.8125,368.4375,108.625
NO_12,2012,New Orleans Saints,28.375,32,1.625,8.18627451,31,31,12,32,5,1.875,6.375,292.5625,440.125,147.5625
NO_13,2013,New Orleans Saints,19,19,1.1875,8.241758242,2,4,29,4,29,3.0625,5.6875,194.0625,305.6875,111.625
NO_14,2014,New Orleans Saints,26.5,29,1.0625,8.466666667,25,28,28,31,5,2.125,6.5625,251.1875,384,132.8125
NO_15,2015,New Orleans Saints,29.75,31,1.375,7.780701754,31,32,19,31,24,1.9375,7.125,284,413.4375,129.4375
NO_16,2016,New Orleans Saints,28.375,14,1.3125,8.471153846,32,31,17,27,1,1.875,6.5,273.75,375.375,101.625
NYG_00,2000,New York Giants,15.375,2,1.9375,9.1,16,5,12,5,14,2.75,5,211.875,284.125,72.25
NYG_01,2001,New York Giants,20.0625,8,1.75,6.95,21,16,16,14,14,2.875,6.25,214.375,310.9375,96.5625
NYG_02,2002,New York Giants,17.4375,16,1.5625,7.475,9,3,24,9,4,2.3125,7.5,194.9375,309.3125,114.375
NYG_03,2003,New York Giants,24.1875,18,1.375,8.330508475,25,29,25,22,18,2.8125,7.375,213.25,332.5,119.25
NYG_04,2004,New York Giants,21.6875,28,1.75,8.391666667,8,17,17,13,5,2.5,7.5,189.375,324.1875,134.8125
NYG_05,2005,New York Giants,19.625,12,2.3125,8.676470588,27,14,3,24,11,2.5625,8.5,224,327.5,103.5
NYG_06,2006,New York Giants,22.625,14,1.75,7.948453608,28,24,15,25,20,2,6.0625,228.0625,342.4375,114.375
NYG_07,2007,New York Giants,21.9375,8,1.5625,7.406779661,11,17,22,7,3,3.3125,7.375,207.3125,305,97.6875
NYG_08,2008,New York Giants,18.375,9,1.375,7.801801802,8,5,20,5,5,2.625,6.9375,196.1875,292,95.8125
NYG_09,2009,New York Giants,26.6875,14,1.5,7.704545455,15,30,22,13,26,2,5.5,214.0625,324.875,110.8125
NYG_10,2010,New York Giants,21.6875,8,2.4375,8.401869159,10,17,1,7,14,2.875,6.6875,210.625,311.875,101.25
NYG_11,2011,New York Giants,25,19,1.9375,8.481818182,29,25,5,27,11,3,6.875,255.125,376.375,121.25
NYG_12,2012,New York Giants,21.5,25,2.1875,8.823529412,28,12,3,31,16,2.0625,6.375,254.25,383.375,129.125
NYG_13,2013,New York Giants,23.9375,14,1.8125,8.60952381,10,18,10,8,12,2.125,6.5625,223.3125,332.25,108.9375
NYG_14,2014,New York Giants,25,30,1.625,9.028571429,18,22,10,29,10,2.9375,6.5625,240.625,375.75,135.125
NYG_15,2015,New York Giants,27.625,24,1.75,8.975,32,30,6,32,10,1.4375,7.5,298.9375,420.3125,121.375
NYG_16,2016,New York Giants,17.75,3,1.5625,8.201923077,23,2,11,10,16,2.1875,6.5,251.125,339.6875,88.5625
NYJ_00,2000,New York Jets,20.0625,23,2.1875,8.32,6,13,8,10,25,2.5,6.25,183.25,301.25,118
NYJ_01,2001,New York Jets,18.4375,28,2.4375,8.235294118,7,12,2,19,24,2.0625,5.3125,187.4375,322.0625,134.625
NYJ_02,2002,New York Jets,21,18,1.4375,8.171717172,21,14,27,24,31,1.875,6.1875,218.125,341.4375,123.3125
NYJ_03,2003,New York Jets,18.6875,28,1.25,7.848101266,10,8,28,21,21,2.1875,4.9375,189.0625,332.4375,143.375
NYJ_04,2004,New York Jets,16.3125,5,2.0625,8.372093023,14,4,8,7,25,2.3125,5.375,207,304.875,97.875
NYJ_05,2005,New York Jets,22.1875,29,1.75,8.530434783,2,23,15,12,3,1.875,7.1875,172.1875,308.75,136.5625
NYJ_06,2006,New York Jets,18.4375,24,1.5625,8.028571429,14,6,24,20,16,2.1875,6.5625,201.375,331.625,130.25
NYJ_07,2007,New York Jets,22.1875,29,1.3125,8.182795699,9,19,31,18,25,1.8125,5.8125,197.125,331.875,134.75
NYJ_08,2008,New York Jets,22.25,7,1.875,7.129032258,29,18,5,16,29,2.5625,5.8125,234.5,329.375,94.875
NYJ_09,2009,New York Jets,14.75,8,1.9375,7.816091954,1,1,8,1,32,2,5.4375,153.6875,252.3125,98.625
NYJ_10,2010,New York Jets,19,3,1.875,9.175675676,6,6,8,3,21,2.5,4.625,200.625,291.5,90.875
NYJ_11,2011,New York Jets,22.6875,13,1.9375,8.781818182,5,20,5,5,16,2.1875,6.875,201,312.0625,111.0625
NYJ_12,2012,New York Jets,23.4375,26,1.4375,7.385321101,2,20,18,8,23,1.875,6.8125,189.75,323.375,133.625
NYJ_13,2013,New York Jets,24.1875,3,0.9375,9.054347826,22,19,31,11,29,2.5625,5.75,246.6875,334.9375,88.25
NYJ_14,2014,New York Jets,25.0625,5,0.8125,8.571428571,14,24,32,6,20,2.8125,5.6875,234.125,327.1875,93.0625
NYJ_15,2015,New York Jets,19.625,2,1.875,8.522222222,13,9,3,4,3,2.4375,5.625,235.1875,318.625,83.4375
NYJ_16,2016,New York Jets,25.5625,11,0.875,8.797297297,17,28,28,11,2,1.6875,4.625,243.625,342.4375,98.8125
OAK_00,2000,Oakland Raiders,18.6875,5,2.3125,7.794871795,25,9,7,17,25,2.6875,7.3125,231.125,328.0625,96.9375
OAK_01,2001,Oakland Raiders,20.4375,22,1.5,7.666666667,9,19,25,18,1,2.5625,5.0625,192.6875,316.9375,124.25
OAK_02,2002,Oakland Raiders,19,3,1.9375,7.640776699,23,6,8,11,5,2.6875,6.4375,220.375,311.1875,90.8125
OAK_03,2003,Oakland Raiders,23.6875,32,1.5625,8.530434783,22,25,20,30,12,1.5625,7.1875,212.125,369,156.875
OAK_04,2004,Oakland Raiders,27.625,22,1.125,8.205882353,30,31,30,30,12,1.5625,6.375,245.25,371,125.75
OAK_05,2005,Oakland Raiders,23.9375,25,1.1875,8.168316832,18,25,29,27,8,2.25,6.3125,202.6875,330.75,128.0625
OAK_06,2006,Oakland Raiders,20.75,25,1.4375,7.823529412,1,18,27,3,12,2.125,5.3125,150.8125,284.8125,134
OAK_07,2007,Oakland Raiders,24.875,31,1.625,7.414141414,8,26,21,22,5,1.6875,6.1875,195.75,341.625,145.875
OAK_08,2008,Oakland Raiders,24.25,31,1.5,8.554054054,10,24,17,27,8,2,4.625,201.25,360.9375,159.6875
OAK_09,2009,Oakland Raiders,23.6875,29,1.25,7.953488372,7,23,29,26,5,2.3125,5.375,206.4375,361.9375,155.5
OAK_10,2010,Oakland Raiders,23.1875,29,1.5,9.923076923,2,20,22,11,16,2.9375,7.3125,189.1875,322.8125,133.625
OAK_11,2011,Oakland Raiders,27.0625,27,1.625,8.183333333,27,29,13,29,6,2.4375,7.5,251.4375,387.5625,136.125
OAK_12,2012,Oakland Raiders,27.6875,18,1.1875,9.158415842,20,28,26,18,31,1.5625,6.3125,235.9375,354.5,118.5625
OAK_13,2013,Oakland Raiders,28.3125,13,1.375,7.885057471,28,29,21,22,11,2.375,5.4375,255.75,363.6875,107.9375
OAK_14,2014,Oakland Raiders,28.25,22,0.875,8.112068966,16,32,30,21,23,1.375,7.25,238.125,357.5625,119.4375
OAK_15,2015,Oakland Raiders,24.9375,13,1.5625,9.067307692,26,22,12,22,11,2.375,6.5,258.75,363.625,104.875
OAK_16,2016,Oakland Raiders,24.0625,23,1.875,9.234782609,24,20,2,26,7,1.5625,7.1875,257.5,375.0625,117.5625
PHI_00,2000,Philadelphia Eagles,15.3125,20,1.9375,8.432432432,7,4,12,10,25,3.125,6.9375,186.875,301.25,114.375
PHI_01,2001,Philadelphia Eagles,13,18,2.0625,8.717647059,2,2,12,7,9,2.8125,5.3125,179,293.8125,114.8125
PHI_02,2002,Philadelphia Eagles,15.0625,9,2.375,8.651785714,7,2,3,4,5,3.5,7,193.375,297.125,103.75
PHI_03,2003,Philadelphia Eagles,17.9375,22,1.625,8.565891473,16,7,18,20,29,2.375,8.0625,202.25,331.6875,129.4375
PHI_04,2004,Philadelphia Eagles,16.25,16,1.75,8.411764706,12,2,17,10,29,2.9375,7.4375,200.75,319.6875,118.9375
PHI_05,2005,Philadelphia Eagles,24.25,21,1.6875,8.125,21,27,18,23,21,1.8125,7,207.6875,325.375,117.6875
PHI_06,2006,Philadelphia Eagles,20.5,26,1.8125,8.28125,9,15,13,15,13,2.5,6,191.6875,328.0625,136.375
PHI_07,2007,Philadelphia Eagles,18.75,7,1.1875,7.604938272,18,9,32,10,18,2.3125,5.0625,215.5625,311.375,95.8125
PHI_08,2008,Philadelphia Eagles,18.0625,4,1.8125,7.382716049,3,4,9,3,4,3,5.0625,182.0625,274.3125,92.25
PHI_09,2009,Philadelphia Eagles,21.0625,9,2.375,7.586538462,17,19,3,12,13,2.75,6.5,216.375,321.0625,104.6875
PHI_10,2010,Philadelphia Eagles,23.5625,15,2.125,8.32183908,14,21,5,12,3,2.4375,5.4375,216.8125,327.1875,110.375
PHI_11,2011,Philadelphia Eagles,20.5,16,1.5,8.381443299,10,10,17,8,23,3.125,6.0625,212.3125,324.875,112.5625
PHI_12,2012,Philadelphia Eagles,27.75,23,0.8125,8.440677966,9,29,31,15,18,1.875,7.375,216.875,343.1875,126.3125
PHI_13,2013,Philadelphia Eagles,23.875,10,1.9375,8.066037736,32,17,3,29,25,2.3125,6.625,289.75,394,104.25
PHI_14,2014,Philadelphia Eagles,25,15,1.75,9,31,22,6,28,7,3.0625,7.5625,264.875,375.5625,110.6875
PHI_15,2015,Philadelphia Eagles,26.875,32,1.625,8.528455285,28,28,10,30,21,2.3125,7.6875,267.0625,401.625,134.5625
PHI_16,2016,Philadelphia Eagles,20.6875,15,1.625,8.454545455,13,12,10,13,10,2.125,6.1875,239.5,342.75,103.25
PIT_00,2000,Pittsburgh Steelers,15.9375,12,2.1875,8.342857143,9,6,8,7,1,2.4375,6.5625,188.75,294.5625,105.8125
PIT_01,2001,Pittsburgh Steelers,13.25,1,1.75,8.23943662,4,3,16,1,2,3.4375,4.4375,183.875,258.5625,74.6875
PIT_02,2002,Pittsburgh Steelers,21.5625,1,2.25,8.745283019,20,16,6,7,15,3.125,6.625,216.25,302.1875,85.9375
PIT_03,2003,Pittsburgh Steelers,20.4375,12,1.5625,7.385416667,11,15,20,9,27,2.1875,6,190.125,298.9375,108.8125
PIT_04,2004,Pittsburgh Steelers,15.6875,1,2,8.413461538,4,1,11,1,18,2.5625,6.5,177.1875,258.375,81.1875
PIT_05,2005,Pittsburgh Steelers,16.125,3,1.875,8.591666667,16,3,11,4,32,2.9375,7.5,198,284,86
PIT_06,2006,Pittsburgh Steelers,19.6875,3,1.8125,8.288461538,20,11,13,9,16,2.4375,6.5,212.0625,300.3125,88.25
PIT_07,2007,Pittsburgh Steelers,16.8125,3,1.5625,7.616438356,3,2,22,1,27,2.25,4.5625,176.5,266.375,89.875
PIT_08,2008,Pittsburgh Steelers,13.9375,2,1.8125,8.802197802,1,1,9,1,31,3.1875,5.6875,156.9375,237.1875,80.25
PIT_09,2009,Pittsburgh Steelers,20.25,3,1.375,8.852941176,16,12,26,5,18,2.9375,6.375,215.4375,305.3125,89.875
PIT_10,2010,Pittsburgh Steelers,14.5,1,2.1875,8.325581395,12,1,3,2,22,3,5.375,214.0625,276.8125,62.75
PIT_11,2011,Pittsburgh Steelers,14.1875,8,0.9375,8.09375,1,1,32,1,22,2.1875,6,171.9375,271.75,99.8125
PIT_12,2012,Pittsburgh Steelers,19.625,2,1.25,8.82,1,6,25,1,28,2.3125,6.25,185.1875,275.8125,90.625
PIT_13,2013,Pittsburgh Steelers,23.125,21,1.25,8.673913043,9,14,27,13,3,2.125,5.75,221.625,337.1875,115.5625
PIT_14,2014,Pittsburgh Steelers,23,6,1.3125,8.608247423,27,18,23,18,20,2.0625,6.0625,253.0625,353.375,100.3125
PIT_15,2015,Pittsburgh Steelers,19.9375,5,1.875,9.909090909,30,11,3,21,27,3,7.5625,271.875,363.0625,91.1875
PIT_16,2016,Pittsburgh Steelers,20.4375,13,1.4375,8.440366972,16,10,14,12,28,2.375,6.8125,242.625,342.625,100
SD_00,2000,San Diego Chargers,27.5,4,1.375,8.028301887,22,29,25,13,11,2.4375,6.625,221.0625,309.9375,88.875
SD_01,2001,San Diego Chargers,20.0625,7,1.9375,8,20,16,13,11,14,2.5625,4.9375,212.5,306.5,94
SD_02,2002,San Diego Chargers,22.9375,11,1.6875,8.291262136,32,22,18,30,1,2.4375,6.4375,268.4375,377.125,108.6875
SD_03,2003,San Diego Chargers,27.5625,25,1.25,9.145454545,21,31,28,27,5,1.875,6.875,210.9375,349.5625,138.625
SD_04,2004,San Diego Chargers,19.5625,3,2.0625,8.623853211,31,11,8,18,9,1.8125,6.8125,253.3125,335,81.6875
SD_05,2005,San Diego Chargers,19.5,1,1.25,7.554545455,28,13,27,13,11,2.875,6.875,224.9375,309.25,84.3125
SD_06,2006,San Diego Chargers,18.9375,7,1.75,8.632183908,13,7,15,10,7,3.8125,5.4375,200.75,301.5625,100.8125
SD_07,2007,San Diego Chargers,17.75,16,3,7.73255814,14,5,1,14,17,2.625,5.375,213.25,320.25,107
SD_08,2008,San Diego Chargers,21.6875,11,1.5,9.076923077,31,15,17,25,9,1.75,4.875,247.375,349.9375,102.5625
SD_09,2009,San Diego Chargers,20,20,1.5625,7.718446602,11,11,19,16,16,2.1875,6.4375,209.25,327,117.75
SD_10,2010,San Diego Chargers,20.125,4,1.4375,7.927835052,1,10,23,1,14,2.9375,6.0625,177.8125,271.5625,93.75
SD_11,2011,San Diego Chargers,23.5625,20,1.3125,8.260869565,13,22,23,16,25,2,5.75,224.4375,346.625,122.1875
SD_12,2012,San Diego Chargers,21.875,6,1.75,7.823529412,18,16,11,9,2,2.375,6.375,230.0625,326.4375,96.375
SD_13,2013,San Diego Chargers,21.75,12,1.0625,8.5,29,11,30,23,13,2.1875,6.25,258.6875,366.5,107.8125
SD_14,2014,San Diego Chargers,21.75,26,1.125,8.271317829,4,13,27,9,25,1.625,8.0625,214.1875,338.3125,124.125
SD_15,2015,San Diego Chargers,24.875,27,1.25,8.133333333,14,21,24,20,7,2,7.5,236.625,361.9375,125.3125
SD_16,2016,San Diego Chargers,26.4375,10,1.75,7.033613445,20,29,4,16,4,2.1875,7.4375,249.1875,347.125,97.9375
SEA_00,2000,Seattle Seahawks,25.3125,28,1.8125,7.229166667,30,25,16,31,22,1.6875,6,246.0625,399.4375,153.375
SEA_01,2001,Seattle Seahawks,20.25,15,1.6875,7.97029703,23,18,21,20,20,2.375,6.3125,217.8125,325.375,107.5625
SEA_02,2002,Seattle Seahawks,23.0625,32,1.875,8.242424242,18,23,11,28,5,1.75,6.1875,213.1875,365.75,152.5625
SEA_03,2003,Seattle Seahawks,20.4375,14,1.75,7.857142857,27,15,14,19,32,2.5,6.5625,217.5,327.4375,109.9375
SEA_04,2004,Seattle Seahawks,23.3125,23,2.1875,8.21978022,23,22,6,26,18,2.25,5.6875,224.375,351.3125,126.9375
SEA_05,2005,Seattle Seahawks,16.9375,5,1.6875,7.390243902,25,7,18,16,30,3.125,7.6875,222.4375,316.8125,94.375
SEA_06,2006,Seattle Seahawks,21.3125,22,1.625,8.050847458,16,19,21,19,22,2.5625,7.375,203.5,330.3125,126.8125
SEA_07,2007,Seattle Seahawks,18.1875,12,2.125,7.636363636,19,6,6,15,1,2.8125,6.1875,219.0625,321.8125,102.75
SEA_08,2008,Seattle Seahawks,24.5,18,1.25,8.283950617,32,25,26,30,1,2.1875,5.0625,259.3125,378,118.6875
SEA_09,2009,Seattle Seahawks,24.375,15,1.4375,8.747747748,30,25,24,24,20,1.75,6.9375,245.4375,356.4375,111
SEA_10,2010,Seattle Seahawks,25.4375,21,1.375,7.758241758,27,25,25,27,10,2.3125,5.6875,249.625,368.5625,118.9375
SEA_11,2011,Seattle Seahawks,19.6875,15,1.9375,9.447916667,11,7,5,9,19,2.0625,6,219.875,332.1875,112.3125
SEA_12,2012,Seattle Seahawks,15.3125,10,1.9375,8.843137255,6,1,5,4,22,2.25,6.375,203.125,306.1875,103.0625
SEA_13,2013,Seattle Seahawks,14.4375,7,2.4375,8.969387755,1,1,1,1,16,2.75,6.125,172,273.625,101.625
SEA_14,2014,Seattle Seahawks,15.875,3,1.5,8.757142857,1,1,20,1,13,2.3125,4.375,185.625,267.125,81.5
SEA_15,2015,Seattle Seahawks,17.3125,1,1.4375,8.457446809,2,1,16,2,22,2.3125,5.875,210.25,291.75,81.5
SEA_16,2016,Seattle Seahawks,18.25,7,1.1875,8.980582524,8,3,22,5,16,2.625,6.4375,225.75,318.6875,92.9375
SF_00,2000,San Francisco 49ers,26.375,16,1.3125,8.401960784,29,28,27,29,26,2.375,6.375,244.6875,356.8125,112.125
SF_01,2001,San Francisco 49ers,17.625,9,2.125,8.547368421,19,9,9,13,7,2,5.9375,211.4375,309.625,98.1875
SF_02,2002,San Francisco 49ers,21.9375,7,1.6875,8.304878049,22,18,18,14,20,2,5.125,219.125,322.375,103.25
SF_03,2003,San Francisco 49ers,21.0625,9,2.3125,9.230769231,17,21,4,13,10,2.625,4.875,202.375,308,105.625
SF_04,2004,San Francisco 49ers,28.25,20,1.3125,8.102803738,19,32,27,24,16,1.8125,6.6875,217.875,342.5625,124.6875
SF_05,2005,San Francisco 49ers,26.75,18,1.625,8.008333333,32,30,21,32,22,1.75,7.5,276.6875,391.1875,114.5
SF_06,2006,San Francisco 49ers,25.75,19,1.6875,8.08045977,26,32,18,26,7,2.125,5.4375,223.1875,344.1875,121
SF_07,2007,San Francisco 49ers,22.75,22,1.375,7.426966292,22,20,28,25,3,1.9375,5.5625,227.6875,346.1875,118.5
SF_08,2008,San Francisco 49ers,23.8125,13,1.125,7.828828829,20,23,28,13,12,1.875,6.9375,219.1875,326,106.8125
SF_09,2009,San Francisco 49ers,17.5625,6,2.0625,8.5,21,4,5,15,29,2.75,7.125,229.375,326.375,97
SF_10,2010,San Francisco 49ers,21.625,6,1.375,8.649484536,24,16,25,13,4,2.25,6.0625,231.0625,327.75,96.6875
SF_11,2011,San Francisco 49ers,14.3125,1,2.375,8.846938776,16,2,1,4,28,2.625,6.125,230.9375,308.1875,77.25
SF_12,2012,San Francisco 49ers,17.0625,4,1.5625,8.150537634,4,2,14,3,26,2.375,5.8125,200.1875,294.375,94.1875
SF_13,2013,San Francisco 49ers,17,4,1.875,9.145833333,7,3,6,5,14,2.375,6,221,316.9375,95.9375
SF_14,2014,San Francisco 49ers,21.25,7,1.8125,7.450819672,5,10,4,5,30,2.25,7.625,220.6875,321.4375,100.75
SF_15,2015,San Francisco 49ers,24.1875,29,0.75,8.214285714,27,18,31,29,4,1.75,7,261.1875,387.4375,126.25
SF_16,2016,San Francisco 49ers,30,32,1.25,8.548387097,14,32,19,32,7,2.0625,5.8125,240.5,406.375,165.875
STL_00,2000,St. Louis Rams,29.4375,13,1.5625,7.396039604,27,31,20,23,4,3.1875,6.3125,237.3125,343.375,106.0625
STL_01,2001,St. Louis Rams,17.0625,3,2.125,8.3,11,7,9,3,31,2.8125,6.25,193.5625,279.4375,85.875
STL_02,2002,St. Louis Rams,23.0625,14,1.625,7.626262626,12,23,22,13,31,2.375,6.1875,200.5625,314.0625,113.5
STL_03,2003,St. Louis Rams,20.5,20,2.875,7.736842105,12,17,1,16,14,2.625,7.125,192,315.75,123.75
STL_04,2004,St. Louis Rams,24.5,29,0.9375,7.587155963,11,25,31,17,23,2.125,6.8125,198.375,334.5625,136.1875
STL_05,2005,St. Louis Rams,26.8125,28,1.6875,9.111111111,23,31,18,30,29,2.5625,7.3125,214,350.125,136.125
STL_06,2006,St. Louis Rams,23.8125,31,2,9.076086957,8,28,7,23,25,2.125,5.75,189.6875,335.125,145.4375
STL_07,2007,St. Louis Rams,27.375,20,1.6875,7.705263158,21,31,19,21,19,1.9375,5.9375,225.8125,341.0625,115.25
STL_08,2008,St. Louis Rams,29.0625,29,1.625,7.348314607,19,31,13,28,6,1.875,5.5625,217.1875,371.875,154.6875
STL_09,2009,St. Louis Rams,27.25,27,1.25,7.6625,25,31,29,29,14,1.5625,5,235.25,372.8125,137.5625
STL_10,2010,St. Louis Rams,20.5,17,1.625,8,19,12,17,19,30,2.6875,7.875,223.625,336.75,113.125
STL_11,2011,St. Louis Rams,25.4375,31,1.125,8.567567568,7,26,28,22,16,2.4375,6.9375,206.3125,358.375,152.0625
STL_12,2012,St. Louis Rams,21.75,15,1.3125,8.422222222,15,14,23,14,32,3.25,5.625,225.125,342.625,117.5
STL_13,2013,St. Louis Rams,22.75,9,1.8125,9.314285714,19,13,10,15,16,3.3125,6.5625,242.125,345,102.875
STL_14,2014,St. Louis Rams,22.125,14,1.5625,8.4,19,16,14,17,30,2.5,6.5625,241.3125,351.625,110.3125
STL_15,2015,St. Louis Rams,20.625,20,1.625,9.100917431,23,13,10,23,11,2.5625,6.8125,254.0625,367.8125,113.75
STL_16,2016,Los Angeles Rams,24.625,16,1.125,8.518518519,10,23,23,9,23,1.9375,6.75,233.25,337,103.75
TB_00,2000,Tampa Bay Buccaneers,16.8125,9,2.5625,7.242105263,13,7,4,9,26,3.4375,5.9375,197,300,103
TB_01,2001,Tampa Bay Buccaneers,17.5,12,2.4375,8.153846154,5,8,2,6,12,2.625,5.6875,184.4375,290.8125,106.375
TB_02,2002,Tampa Bay Buccaneers,12.25,5,2.375,8.053763441,1,1,3,1,9,2.6875,5.8125,155.625,252.75,97.125
TB_03,2003,Tampa Bay Buccaneers,16.5,13,2.0625,7.855769231,3,4,9,5,2,2.25,6.5,169.375,279.125,109.75
TB_04,2004,Tampa Bay Buccaneers,19,19,1.6875,8.008928571,1,9,21,5,8,2.8125,7,161.1875,284.5,123.3125
TB_05,2005,Tampa Bay Buccaneers,17.125,6,1.875,7.685185185,6,8,11,1,1,2.25,6.75,183.0625,277.75,94.6875
TB_06,2006,Tampa Bay Buccaneers,22.0625,17,1.25,7.927710843,19,21,30,17,16,1.5625,5.1875,209.625,329.4375,119.8125
TB_07,2007,Tampa Bay Buccaneers,16.875,17,2.1875,8.209302326,1,3,3,2,6,2.0625,5.375,170.3125,278.1875,107.875
TB_08,2008,Tampa Bay Buccaneers,20.1875,19,1.875,7.5,4,10,5,9,28,1.8125,5.5,187.3125,306.125,118.8125
TB_09,2009,Tampa Bay Buccaneers,25,32,1.8125,9.1375,10,27,10,27,13,1.75,5,207.375,365.5625,158.1875
TB_10,2010,Tampa Bay Buccaneers,19.875,28,1.75,8.556962025,7,9,13,17,19,1.625,4.9375,201,332.6875,131.6875
TB_11,2011,Tampa Bay Buccaneers,30.875,32,1.5,8.273684211,21,32,17,30,5,1.4375,5.9375,238.375,394.4375,156.0625
TB_12,2012,Tampa Bay Buccaneers,24.625,1,1.625,8.262135922,32,23,12,29,9,1.6875,6.4375,297.375,379.875,82.5
TB_13,2013,Tampa Bay Buccaneers,24.3125,15,1.9375,9.638095238,17,21,3,17,14,2.1875,6.5625,237.875,348,110.125
TB_14,2014,Tampa Bay Buccaneers,25.625,19,1.5625,8.820754717,28,25,14,25,2,2.25,6.625,255.25,368.9375,113.6875
TB_15,2015,Tampa Bay Buccaneers,26.0625,11,1.4375,8.288461538,16,26,16,10,27,2.375,6.5,240,340.375,100.375
TB_16,2016,Tampa Bay Buccaneers,23.0625,22,1.8125,8.768595041,22,15,3,23,19,2.375,7.5625,250.75,367.9375,117.1875
TEN_00,2000,Tennessee Titans,11.9375,3,1.875,8.020618557,1,2,14,1,4,3.4375,6.0625,151.4375,238.3125,86.875
TEN_01,2001,Tennessee Titans,24.25,5,1.5,9.454545455,31,25,25,25,19,2,5.5,255.25,344.6875,89.4375
TEN_02,2002,Tennessee Titans,20.25,2,1.8125,8.616161616,25,11,14,10,29,2.5,6.1875,221.25,310.25,89
TEN_03,2003,Tennessee Titans,20.25,1,2.125,8.260416667,30,13,8,12,5,2.375,6,225.375,306.3125,80.9375
TEN_04,2004,Tennessee Titans,27.4375,18,1.875,8.147368421,26,30,13,27,17,2,5.9375,237.9375,357.75,119.8125
TEN_05,2005,Tennessee Titans,26.3125,22,1.25,7.557894737,17,29,27,19,11,2.5625,5.9375,201,319.375,118.375
TEN_06,2006,Tennessee Titans,25,30,1.75,8.882352941,27,31,15,32,12,1.625,6.375,225.125,369.6875,144.5625
TEN_07,2007,Tennessee Titans,18.5625,5,2.125,8.277777778,10,8,6,5,24,2.5,5.625,199.1875,291.5625,92.375
TEN_08,2008,Tennessee Titans,14.625,6,1.9375,8.064516129,9,2,3,7,18,2.75,5.8125,199.75,293.625,93.875
TEN_09,2009,Tennessee Titans,25.125,10,1.6875,7.70212766,31,28,16,28,1,2,5.875,258.6875,365.625,106.9375
TEN_10,2010,Tennessee Titans,21.1875,20,1.5625,9.114035088,29,15,20,26,4,2.5,7.125,252,367.6875,115.6875
TEN_11,2011,Tennessee Titans,19.8125,24,1.4375,8.202020202,14,8,20,18,27,1.75,6.1875,226.8125,355.125,128.3125
TEN_12,2012,Tennessee Titans,29.4375,24,1.5,8.337209302,26,32,16,27,14,2.4375,5.375,247.75,374.9375,127.1875
TEN_13,2013,Tennessee Titans,23.8125,20,1.5625,8.2,11,16,18,14,9,2.25,5.9375,225.75,337.9375,112.1875
TEN_14,2014,Tennessee Titans,27.375,31,1,7.860215054,15,29,29,27,18,2.4375,5.8125,235.8125,373,137.1875
TEN_15,2015,Tennessee Titans,26.4375,18,1.1875,8.767857143,7,27,25,12,26,2.4375,7,229.875,342.1875,112.3125
TEN_16,2016,Tennessee Titans,23.625,2,1.125,8.693430657,30,16,23,20,2,2.5,8.5625,269.1875,357.5,88.3125
WAS_00,2000,Washington Redskins,16.8125,22,2.0625,7.452830189,2,7,11,4,9,2.8125,6.625,163.8125,279.625,115.8125
WAS_01,2001,Washington Redskins,18.9375,20,2.125,8.096385542,6,13,9,10,5,1.5625,5.1875,186.0625,302.875,116.8125
WAS_02,2002,Washington Redskins,22.8125,12,1.625,8.168067227,5,21,22,5,27,2.5,7.4375,189.5625,299.1875,109.625
WAS_03,2003,Washington Redskins,23.25,24,1.875,8.789473684,14,24,12,25,24,1.6875,5.9375,199.6875,338.25,138.5625
WAS_04,2004,Washington Redskins,16.5625,2,1.625,8.216494845,7,5,22,3,29,2.5,6.0625,186.0625,267.5625,81.5
WAS_05,2005,Washington Redskins,18.3125,13,1.75,8.371428571,10,9,15,9,31,2.1875,6.5625,192.5625,297.9375,105.375
WAS_06,2006,Washington Redskins,23.5,27,0.75,9.106382979,23,27,32,31,5,1.1875,5.875,218.1875,355.5,137.3125
WAS_07,2007,Washington Redskins,19.375,4,1.5,7.772727273,16,11,25,8,23,2.0625,5.5,214,305.25,91.25
WAS_08,2008,Washington Redskins,18.5,8,1.125,7.9875,7,6,28,4,12,1.5,5,193.4375,288.8125,95.375
WAS_09,2009,Washington Redskins,21,16,1.0625,7.785714286,8,18,32,10,2,2.5,6.125,207.25,319.6875,112.4375
WAS_10,2010,Washington Redskins,23.5625,26,1.6875,8.067307692,31,21,15,31,5,1.8125,6.5,261.6875,389.25,127.5625
WAS_11,2011,Washington Redskins,22.9375,18,1.3125,8.178861789,12,21,23,13,14,2.5625,7.6875,222.0625,339.8125,117.75
WAS_12,2012,Washington Redskins,24.25,5,1.9375,8.11,30,22,5,28,18,2,6.25,281.9375,377.6875,95.75
WAS_13,2013,Washington Redskins,29.875,17,1.625,8.397590361,20,30,16,18,18,2.25,5.1875,243.5,354.0625,110.5625
WAS_14,2014,Washington Redskins,27.375,12,1.1875,8.083333333,24,29,25,20,14,2.25,9,249.375,357,107.625
WAS_15,2015,Washington Redskins,23.6875,26,1.6875,8.526785714,25,17,8,28,18,2.375,7,258,380.625,122.625
WAS_16,2016,Washington Redskins,23.9375,24,1.3125,10.23,25,19,17,28,32,2.375,6.25,258.125,377.875,119.75
