team_id,yds_att_std,yds_comp_std,pass_run_std,shotgun_std,wr_terb_st,sec_play_std,clustering_byPassAtt,clustering_byPassComp,clustering_noPassYds
ARI_00,-0.78602012,-0.559752109,1.433158745,-0.997930463,-0.142342559,-0.978073097,1,1,1
ARI_01,0.033182165,0.64398376,0.165772434,-0.355240203,1.433289479,-0.342555898,1,2,2
ARI_02,-1.948078579,-1.476451201,0.297918844,-0.571155251,-0.261623735,-0.523423267,1,1,1
ARI_03,-1.193278925,-1.091978043,0.341227279,-0.110575565,0.149917241,0.494114646,1,2,2
ARI_04,-1.473225239,-1.231407877,-0.522221598,-0.849194701,1.206393227,-0.051362343,1,1,1
ARI_05,0.187493225,-0.186674827,2.443936589,-0.841475705,1.549882056,-0.482655586,2,1,1
ARI_06,0.436231496,0.673957598,0.153566539,-0.309781679,1.794397973,0.099298874,3,2,2
ARI_07,0.516251097,0.66458926,0.690761862,-0.583741648,2.027411391,0.247217481,3,2,2
ARI_08,1.404610631,0.649367087,1.584580652,0.566182335,2.310831793,0.481671767,3,3,2
ARI_09,0.802504582,-0.356479134,1.393723498,0.522421556,1.804413866,0.425391292,3,2,2
ARI_10,-1.729157648,-0.599274167,2.12467863,0.665117697,2.563977744,-1.076624845,2,3,3
ARI_11,-0.029762451,0.944532107,0.785863055,0.550055236,0.960808906,-0.674547409,2,3,3
ARI_12,-2.048108354,-2.024688396,2.059630574,1.05414988,1.073884808,-0.699052878,2,3,3
ARI_13,0.564548531,0.291673009,0.427945764,0.181179483,0.346180728,0.068130976,3,2,2
ARI_14,-0.104298466,0.797527646,0.670047571,0.758394217,0.411520603,0.177944149,2,3,2
ARI_15,1.969535683,2.347142053,0.183403529,0.299496395,1.416196685,0.461640963,3,2,2
ARI_16,-0.163610506,0.024041714,1.446285123,0.675504945,0.351416825,-0.983970039,2,3,3
ATL_00,-1.444303041,-1.104385355,1.152703813,-1.362737357,-0.153286084,1.408315098,4,1,1
ATL_01,0.375252983,1.252652242,-0.348208982,-1.166745331,-0.065518074,1.701518742,4,4,1
ATL_02,0.251553286,0.991006713,-1.333278892,-1.020663613,-0.480312093,1.517547033,4,4,4
ATL_03,-1.664886716,-0.31847057,-0.771007816,-1.17270961,-0.855722289,0.055101789,1,1,1
ATL_04,-0.769221826,-0.036517812,-1.918584874,-1.12227239,-0.614251597,0.584294539,4,4,4
ATL_05,-0.755924629,0.095364941,-1.578570167,-0.817486182,-0.880649536,-0.034696049,1,4,4
ATL_06,-1.098345444,-0.08702452,-1.805999603,-0.049173276,-0.880986453,0.145096474,1,2,4
ATL_07,-0.761692344,-1.02090017,0.826916605,0.217010289,0.407406138,-0.548446416,2,2,3
ATL_08,1.21282114,1.491727941,-1.867209371,-0.353309849,2.242961719,0.562266667,3,4,4
ATL_09,-0.171187289,-0.003679184,-0.073612733,-0.118134681,-0.563914987,-0.906765551,1,2,2
ATL_10,-0.517801665,-1.105599783,-0.385238081,0.066439188,-0.031616267,-0.018438946,1,2,2
ATL_11,0.597843243,0.535622721,0.20794096,0.123084446,-0.135790115,-0.025746817,3,2,2
ATL_12,1.145245932,0.077428692,1.295696141,0.282151499,-0.488988928,0.336096112,3,3,2
ATL_13,-0.125696005,-1.345655121,3.178147519,1.221517357,-0.792050966,-0.097342918,2,3,3
ATL_14,0.97922854,0.146124126,1.647533427,0.631799304,1.359221753,-0.930968885,2,3,3
ATL_15,0.635099034,-0.086686469,0.7936055,0.711242384,0.034679923,0.225544138,2,3,3
ATL_16,3.080699235,2.234538194,0.083050185,0.322696096,0.051769592,-0.522682623,3,2,2
BAL_00,-0.931277921,-0.447636308,-1.398296602,-1.30700139,-1.12886127,1.404949652,4,4,4
BAL_01,-0.817450884,-0.63667553,-0.515946242,-1.550933994,-0.89129236,-1.578916975,1,1,1
BAL_02,-0.753410344,0.117626983,-0.471217523,-1.159818627,-1.348537847,-0.330373883,1,1,1
BAL_03,-1.216574274,-0.435719467,-1.764552268,-1.4229898,-1.423269896,0.408620588,4,1,4
BAL_04,-1.774357513,-1.975977888,-1.219941616,-1.097143856,-0.579375459,0.182433349,4,1,4
BAL_05,-1.207292317,-1.693921529,-0.026474626,-0.44783382,-1.087087073,-0.530943901,1,1,1
BAL_06,0.116377905,-0.402538675,-0.713597471,-0.595997258,-0.899538334,1.88158968,4,4,4
BAL_07,-1.265934229,-2.042952973,-0.026325668,-0.096399519,0.161497259,0.05116548,1,2,2
BAL_08,-0.226594551,0.242000752,-2.039463283,-0.236853253,-0.515141586,1.111852175,4,4,4
BAL_09,0.040824531,-0.261136343,-0.919653065,-0.000313479,-0.830630782,-0.328886452,1,2,2
BAL_10,0.081593546,-0.25511269,-0.882392503,-0.333954776,-0.834112072,0.805377718,4,4,4
BAL_11,-0.284309351,0.248728748,-0.373761489,0.141152872,-1.445447889,-0.150671345,1,2,2
BAL_12,0.641921881,1.247232787,-0.342298552,0.222245761,-0.588693801,-1.577393172,3,2,2
BAL_13,-0.945827538,-0.955570185,0.876448217,1.821294318,-0.272880124,-1.450085147,2,3,3
BAL_14,0.647995324,0.453213824,-0.187391191,-0.496738222,-0.402184541,-0.639738135,3,2,1
BAL_15,-0.232774097,-0.806103106,1.818014761,0.591013683,-0.52390901,-1.175990042,2,3,3
BAL_16,-0.585451174,-1.571245148,2.220048445,1.211775785,-0.67766256,-2.345560699,2,3,3
BUF_00,0.087048025,0.775136933,-0.279375273,-0.203999325,0.607960592,0.106037119,3,2,2
BUF_01,-0.227259625,-0.226215649,0.555613158,-1.14701695,-0.665408575,-0.64767344,1,1,1
BUF_02,0.046449799,-0.178632846,1.400685087,-0.250532121,0.529314511,-0.086823276,3,2,2
BUF_03,-1.523394033,-1.757109605,-0.18112722,-0.495583789,1.1635894,0.37909644,1,2,2
BUF_04,-0.215942077,-0.008201951,-1.164402126,-0.797725975,0.937062654,0.814545418,4,4,4
BUF_05,-1.256075552,-1.549380298,-0.620657983,-0.44869085,1.970024616,1.020192237,1,2,4
BUF_06,-0.241678915,-0.674563185,-0.770391462,-0.62276397,2.202133628,0.995205207,4,2,4
BUF_07,-0.713091996,-0.817765214,-1.096037973,-0.31333672,0.240841961,1.11785645,4,2,4
BUF_08,-0.130556064,-1.012295121,-0.621819385,0.352724034,-0.598241518,1.16101872,4,2,2
BUF_09,-1.060637995,-1.027645687,-0.731017523,-0.030397599,-0.272922921,0.798518059,1,2,2
BUF_10,-0.594055387,-0.12909975,0.134063468,0.773343784,2.93580206,0.10290108,2,2,2
BUF_11,-0.058534222,-0.3683696,0.727251344,1.155526064,1.036934667,0.432090245,2,3,3
BUF_12,-0.139044602,-0.197895515,-0.448007912,1.446723075,0.210875743,0.609317006,2,2,2
BUF_13,-0.755007571,-0.419172994,-1.123751655,1.478673904,-0.469043184,-2.96080586,2,3,3
BUF_14,-0.319280946,-0.882915242,0.728111043,1.475371259,-0.600720028,-0.519694727,2,3,3
BUF_15,0.831535209,0.629487709,-1.303493632,1.988953785,-0.22270557,0.711002335,3,4,4
BUF_16,-0.179099766,-0.202703376,-1.06749639,2.221014169,-0.40275502,-0.308831627,2,2,2
CAR_00,-0.508134424,-0.61469741,1.503183721,-1.554830622,-0.071876937,0.254224367,1,1,1
CAR_01,-2.001881625,-1.737401393,1.436321153,-1.554830622,-0.543796094,-0.863234276,1,1,1
CAR_02,-0.897048842,-0.213919921,-0.823697857,-1.423319402,-0.510689733,0.529353267,4,1,1
CAR_03,0.676064878,1.496939018,-1.610645494,-1.393977788,0.848144683,1.038142919,4,4,4
CAR_04,0.308301146,1.048855495,0.018786369,-0.969746508,0.271734724,0.363570406,3,1,1
CAR_05,0.799766131,1.342920308,-1.295272729,-1.375768832,0.501598297,1.527935645,4,4,4
CAR_06,-0.641730764,-0.787141123,0.045470677,-1.018554151,0.303726736,0.613863915,1,1,1
CAR_07,-1.493071685,-1.366580475,-0.56465923,-0.779444842,0.226783709,-0.522586325,1,1,1
CAR_08,1.218717367,2.1655766,-1.64313018,-0.949651477,1.160004084,0.884064717,4,4,4
CAR_09,-0.518660084,-0.172637489,-1.481786652,-0.837211018,-0.465067844,-0.186170823,4,1,4
CAR_10,-2.291706525,-1.997773656,-0.35911664,0.020023073,-0.59306474,-0.985731204,1,2,2
CAR_11,1.156358998,1.652148467,-0.369325403,1.099089494,-1.014319117,0.368828639,3,2,2
CAR_12,1.310341555,2.427414955,-0.76876653,1.601911934,-0.230289767,0.270733081,3,2,2
CAR_13,0.123415394,-0.145878413,-1.00000684,1.291595616,-0.186785978,1.595534619,4,2,4
CAR_14,-0.085759752,-0.06106378,-0.502146269,1.693440593,-0.228547429,0.49750182,2,2,2
CAR_15,0.838038774,1.441159629,-1.258954323,1.768239012,-0.537527973,0.505795214,3,4,4
CAR_16,0.046090241,1.410018973,-0.087263631,2.008860669,-0.169008488,-0.346177493,2,3,3
CHI_00,-1.672880489,-1.705650818,0.176513136,-0.107735835,1.775762625,-0.766733045,1,2,2
CHI_01,-1.302493081,-1.626634792,-0.753593973,-1.116596837,1.442916454,0.242105023,1,1,1
CHI_02,-1.201857299,-1.008176661,0.725617839,-1.448668601,0.619228204,-0.60074141,1,1,1
CHI_03,-1.735222242,-1.211593963,-0.314335798,-1.335280312,1.799085284,-0.123020548,1,1,1
CHI_04,-2.387814309,-2.149635213,-0.354711206,-0.819830537,-0.762614536,-0.302440768,1,1,1
CHI_05,-2.296891584,-1.640032601,-1.46366945,-1.517646094,1.054227321,0.351056464,4,1,4
CHI_06,-0.275811473,0.777688899,-1.082983015,-1.532150164,-0.224842433,-0.122585639,4,4,1
CHI_07,-0.603925686,-0.500761755,0.388392427,-0.592532741,-0.851011784,-1.668074198,1,1,1
CHI_08,-0.927591741,-0.805749044,-0.224938512,-0.450720278,-1.143372868,-0.745894067,1,1,1
CHI_09,-0.351407977,-0.59530495,0.975486787,-0.009020744,-0.636174806,-0.273883729,1,3,2
CHI_10,-0.001068452,0.562195487,-0.426117845,-1.025149612,-0.266443106,0.87435336,4,4,1
CHI_11,-0.139293695,0.522752327,-0.745461586,-0.885471084,0.420581673,0.951362934,4,4,4
CHI_12,-0.514825479,-0.394150418,-0.817549061,-0.00085976,1.39180338,1.469408511,1,2,2
CHI_13,1.185436997,0.749238884,0.615924827,1.23781742,0.321484509,0.532883487,2,3,3
CHI_14,-0.437298605,-1.320106273,1.830437934,1.771843469,-0.911111448,-1.01153922,2,3,3
CHI_15,0.591137057,0.228235889,-0.592449292,1.8711614,-0.786710704,0.648043945,3,2,2
CHI_16,0.741669291,0.761626958,0.73090488,1.375498666,0.990862756,-0.557685734,2,3,3
CIN_00,-2.921507322,-1.513995378,-1.220635196,-0.555176016,-0.272922921,-1.893879569,1,1,4
CIN_01,-1.762884372,-1.284961826,0.319937849,-0.8606413,1.364059171,-1.4310564,1,1,1
CIN_02,-0.800608957,-0.909832169,0.491127859,-1.191046687,1.444429264,-1.704769027,1,1,1
CIN_03,-0.101847083,-0.488526719,-0.695661486,-1.113362857,0.508120822,0.025814362,4,1,1
CIN_04,-0.328944313,-0.627585813,-0.172115331,-1.107727404,1.125065956,-0.45483893,1,1,1
CIN_05,0.591175236,-0.286445379,-0.309205934,-1.157611958,1.345072677,0.27431901,3,1,1
CIN_06,1.136651193,1.057521657,-0.218755095,-1.14086282,2.404279769,-0.740563826,3,1,1
CIN_07,0.632123672,-0.006616439,0.299313713,-0.817254467,2.863028901,-0.426725361,3,1,1
CIN_08,-2.297339617,-3.097572195,-0.001798669,0.0988606,0.998700302,-0.051558359,1,2,2
CIN_09,-0.786718889,-0.975456688,-1.160538539,-0.01944258,1.112491848,1.543474721,4,2,4
CIN_10,-0.163923067,-0.482226547,0.37756978,-0.008099978,1.170708812,-0.009483613,3,2,2
CIN_11,-0.486442785,-0.132490888,-0.243440442,0.376165399,0.169719482,0.022932108,1,2,2
CIN_12,-0.018702998,-0.185840677,0.158829129,0.598569472,1.263261168,0.029024392,3,2,2
CIN_13,0.652207212,0.661487595,-0.072165286,0.91038348,0.160857042,-0.200942615,3,2,2
CIN_14,0.058556392,-0.368568167,-0.915580554,1.115282667,-0.547442622,-0.042348151,2,2,2
CIN_15,1.250012813,0.833888507,-0.617370435,1.345831446,-0.383352524,0.727154046,3,2,2
CIN_16,0.603312856,0.077251105,0.041003349,1.379887482,0.231983928,-0.689396556,2,3,3
CLE_00,-1.915580473,-2.158699894,0.800308345,-0.87439487,0.297031321,0.367155191,1,1,1
CLE_01,-0.699335306,-0.791152569,-0.388602604,-0.35330056,0.525185416,0.515689656,1,2,2
CLE_02,-0.144460505,-0.288044577,0.423723822,-0.313465593,0.35007792,0.262424221,1,2,2
CLE_03,-1.239091371,-1.87369964,-0.040584058,-0.226489752,0.312503245,0.646608838,1,2,2
CLE_04,-0.158186619,0.540248438,-0.956794366,-1.102973999,-0.463484871,0.679109782,4,4,4
CLE_05,-0.449355802,-0.549577053,0.117664679,-0.807076706,0.025625629,0.063332838,1,1,1
CLE_06,-1.062762035,-1.808980177,0.668774038,-0.667495975,-1.043835149,1.163721147,1,1,4
CLE_07,0.607810262,1.575908686,-0.230914068,-0.711854763,-1.205447297,0.08153604,1,4,1
CLE_08,-2.150226302,-0.829861361,-0.343463447,-0.17387555,-1.227336977,-0.003055127,1,1,2
CLE_09,-2.370258393,-1.406511883,-1.47717811,0.226944004,-0.379680067,-0.042798735,1,2,2
CLE_10,-0.320881228,-0.726815524,-0.370795919,0.205588059,-1.208431169,0.560290721,1,2,2
CLE_11,-1.385979494,-1.21909572,0.465946791,-0.011400331,-0.681933061,-0.886191262,1,3,2
CLE_12,-0.597155299,-0.315178513,0.66388177,-0.144547755,-0.758985567,-1.138206439,1,3,3
CLE_13,-0.754756274,-0.10960657,2.831578292,1.212571015,-0.541141533,-2.310175542,2,3,3
CLE_14,0.494964586,2.052140456,-0.848071383,0.3016622,1.455870126,-2.712127851,3,2,2
CLE_15,-0.43051873,-0.621213833,1.523973807,1.528068356,-0.470482519,-0.034970232,2,3,3
CLE_16,-0.999016877,-1.211617957,1.746303079,1.770186864,-0.261233895,-0.737440697,2,3,3
DAL_00,-1.056934201,-0.997597475,-1.142816731,-1.500343864,-0.400490656,0.782497821,4,1,4
DAL_01,-1.418732435,-0.216998089,-1.719850439,-0.862278539,0.926386044,1.585864999,4,4,4
DAL_02,-1.147850928,-0.394044058,-0.383623095,-1.554830622,0.509972612,0.09709544,1,1,1
DAL_03,-0.613739254,-0.332121576,-0.915498187,-1.074281233,-0.828630456,0.739462174,4,1,4
DAL_04,0.195183343,0.407142472,-0.4109558,-1.181873135,-0.646966069,0.483282496,4,1,1
DAL_05,0.300619451,0.414611228,-1.079811558,-1.31033627,-0.147276997,0.412617789,4,4,4
DAL_06,1.189723032,1.632178932,-0.7159073,-0.808946091,0.495843018,0.580634951,3,4,4
DAL_07,1.317882359,1.256495338,-0.109518713,-0.088565734,-0.951542581,1.148901718,3,4,2
DAL_08,0.475274736,0.870835909,0.368077976,0.47507812,-0.958718447,0.584718585,3,3,2
DAL_09,1.316243051,1.270823478,-0.03250202,0.516641445,-0.770398875,1.310844477,3,4,2
DAL_10,0.647483091,-0.112506058,0.281098939,0.496264391,-1.047116078,0.32644606,3,2,2
DAL_11,1.178154199,0.45439786,0.560451668,0.459002285,-1.003538679,0.755432911,3,3,2
DAL_12,0.893495243,0.150485537,2.29567196,0.878983632,-0.526914984,-0.17766073,2,3,3
DAL_13,-0.210699641,-0.695571954,1.895106219,1.215562478,-0.119956646,0.316795594,2,3,3
DAL_14,1.821793349,0.865486498,-1.228094231,0.66864195,-0.51169724,0.800404274,3,4,4
DAL_15,0.054719591,-0.403470564,0.118852525,0.920674697,-0.661568954,1.645409501,2,3,2
DAL_16,1.301673466,0.525771816,-1.087787579,0.800561724,-0.005926072,1.166438485,3,4,4
DEN_00,0.883194186,1.103377161,-0.505570322,-1.554830622,0.764902327,-0.030113644,3,1,1
DEN_01,-1.029232031,-1.468462854,-0.726876394,-1.554830622,-0.685277004,0.564481008,4,1,1
DEN_02,0.444059155,-0.118200039,-0.114206978,-1.108027024,-0.481210516,-0.27473636,1,1,1
DEN_03,-0.357373107,-0.417402072,-1.506439925,-1.051266292,-0.879681849,2.137033332,4,4,4
DEN_04,1.54054945,2.489123992,-1.167006599,-0.916446764,-0.063619247,0.542780473,4,4,4
DEN_05,0.556679616,0.954765801,-1.578938463,-1.236015543,-0.3172483,1.27517352,4,4,4
DEN_06,-0.466311592,0.191453177,-1.311820106,-0.949311336,0.421657675,1.020192237,4,4,4
DEN_07,0.65754099,0.25768565,-0.256288005,-0.165458898,0.276189141,0.330488766,3,2,2
DEN_08,0.958696458,0.902134524,1.087560721,0.661544274,1.82188666,-1.181805104,2,3,3
DEN_09,-0.042052551,-0.135174783,0.007950922,0.570191332,0.816644502,-0.414818705,2,2,2
DEN_10,0.611471107,1.458747419,0.804967776,0.792333174,1.999444418,-1.558675435,2,3,3
DEN_11,-0.587340013,1.493712103,-1.876000375,1.112468003,1.125619202,-0.295091792,2,2,3
DEN_12,1.455867686,0.481653013,-0.332369587,1.027472198,-0.200841659,-0.809953795,3,3,3
DEN_13,1.416292049,0.609739832,0.717365329,2.104163891,0.171905645,-1.996867706,2,3,3
DEN_14,1.212071803,0.745360392,0.405641601,1.782194169,0.955184794,-0.897446734,2,3,3
DEN_15,-0.249540897,-0.194542889,0.53571068,1.277718733,0.915733056,-0.68785546,2,3,3
DEN_16,-0.102449708,0.121796535,0.542276093,0.393483749,1.111190527,-0.959662431,2,3,3
DET_00,-1.463160183,-1.211359739,-0.383860784,-1.163615306,0.238856883,0.193280825,1,1,1
DET_01,-0.810254566,-0.302646546,2.176110068,-1.363417281,-0.760038397,-1.429218607,1,1,1
DET_02,-1.683104853,0.054167409,1.217145364,-1.280638526,-0.883105688,-1.752295347,1,1,1
DET_03,-1.942162086,-1.750807769,0.937455191,-1.204733517,-0.823873125,-0.544739043,1,1,1
DET_04,-0.852960011,-0.579995114,-0.043695562,-1.106451425,-0.572893975,-0.067441308,1,1,1
DET_05,-1.383741199,-1.285881085,0.089745882,-0.966660246,-0.523198137,0.855550235,1,1,1
DET_06,-0.132671233,-0.53907377,3.094562536,-0.860478086,0.660221927,-0.750643506,2,1,1
DET_07,0.076748575,-0.246205555,2.38375183,-0.56149314,2.931149894,-0.793477739,2,3,3
DET_08,-0.830811916,-0.247873977,0.939950931,0.104544246,0.845243813,-0.184056714,1,2,2
DET_09,-1.26740197,-0.806658208,0.721125194,0.546417973,-0.867408833,-1.381598672,2,3,3
DET_10,-0.564917212,-0.891862739,1.089769452,1.464324204,-1.492199634,-1.299562293,2,3,3
DET_11,0.986761413,0.832154904,2.5981723,1.589127978,-0.634039169,-0.99946149,2,3,3
DET_12,0.244109777,0.338510957,2.340048212,1.754616479,-1.016519361,-1.610511207,2,3,3
DET_13,0.728276115,1.428497662,0.499483696,1.576616215,-0.413278842,-0.32366556,2,3,3
DET_14,0.262523836,0.275612199,1.189704034,0.959756415,-0.440864757,0.233235615,2,3,3
DET_15,0.138952086,-0.803081298,2.125540154,1.550366341,-0.350803358,0.540926447,2,3,3
DET_16,0.429088628,-0.203825652,1.806683768,2.372789736,0.327879958,0.563154981,2,3,3
GB_00,-0.517659439,-0.225027862,0.872132452,-1.234991731,-0.942152183,0.047431273,1,1,1
GB_01,1.044054929,1.22065778,-0.062080457,-0.158173803,-0.597409826,1.083221318,3,4,2
GB_02,-0.423580243,-0.690265225,0.156787771,-0.290946402,-0.414094465,0.139471873,1,1,2
GB_03,0.499792037,-0.14570561,-1.399527859,-0.875066313,-1.011872013,0.862036446,4,4,4
GB_04,1.163788598,0.824760672,0.135859742,-0.901202575,0.237942022,-0.648609995,3,1,1
GB_05,-0.667888925,-1.018107817,1.141162882,-0.807389752,-0.845126654,-0.260779385,1,1,1
GB_06,-0.633215294,0.091742174,0.653369353,0.035424868,-0.314102513,-1.068539232,2,3,3
GB_07,1.281549144,0.591482768,0.592346342,0.30186128,0.013657264,0.773842525,3,2,2
GB_08,0.800827814,0.39257971,-0.103399675,0.145516465,1.309359361,1.042364522,3,2,2
GB_09,1.596471684,1.29197589,0.293009392,0.393132385,-0.26877697,1.202288879,3,2,2
GB_10,1.492773655,1.017749856,0.059426554,0.580821669,1.536074101,1.739370215,3,2,2
GB_11,2.748425179,2.314257085,0.731729804,0.855864106,0.015813615,0.491484581,3,3,3
GB_12,0.938283041,-0.018074378,0.314352145,1.210605124,0.525969537,-0.539899253,2,3,3
GB_13,1.210093218,0.872699144,-0.101383782,1.312538828,0.593607127,-0.600904625,3,3,3
GB_14,1.634995295,1.4586467,-0.194580065,1.551457167,1.022692136,0.385892508,3,2,2
GB_15,-0.620668985,-0.753388856,0.335258636,1.78345568,0.626545169,-0.993988771,2,3,3
GB_16,0.402321055,-0.16330413,1.847938056,1.96454084,2.372628714,0.214243235,2,3,3
HOU_02,-2.009589053,-1.419003091,-0.392496836,-1.209195127,-0.292082006,-0.117126601,1,1,1
HOU_03,-0.544313617,-0.059040899,-0.807286294,-0.761588343,-0.337118297,1.070277846,4,4,4
HOU_04,0.582877306,0.648660279,-0.984399386,-0.494449334,0.561142953,0.280466317,3,2,4
HOU_05,-1.931543425,-2.718898933,-0.601588181,-0.902941789,1.273674636,0.196982225,1,1,1
HOU_06,-0.938874746,-2.544630228,-0.478804783,-1.525452898,-0.449784424,0.667757375,4,1,1
HOU_07,0.860535468,0.089745813,-0.082554278,-1.139404913,-0.489076271,0.579770021,3,1,1
HOU_08,1.706590201,0.9531151,0.058030421,-1.045477385,-0.120033933,1.196352024,3,4,1
HOU_09,1.820366399,0.983260665,0.415827948,-0.703026832,-0.26588039,0.482360192,3,4,1
HOU_10,0.979039164,0.649797187,0.335149977,-0.127960156,-0.645989277,-0.833316021,3,3,2
HOU_11,1.252830667,1.537210958,-1.609248552,-0.680595563,-1.378588337,0.904729015,4,4,4
HOU_12,0.474728188,-0.159850458,-0.617049204,-0.515729624,-1.152607522,0.640799797,1,2,4
HOU_13,-0.297813009,-0.343538782,1.077650663,0.892638671,-0.655420371,-0.751798902,2,3,3
HOU_14,0.54226481,0.629487709,-1.56123786,0.769937712,1.476742544,-0.35315328,3,2,2
HOU_15,-0.648199243,-0.201060935,0.183992841,1.017140982,1.110071061,-1.848293585,2,3,3
HOU_16,-1.398878971,-1.735924956,-0.140418099,1.473295794,-0.787468512,-0.151960527,1,3,2
IND_00,1.304462712,1.328074407,0.07470469,-0.407489937,0.194179051,-0.621131726,3,2,2
IND_01,0.909996921,0.736736582,-0.011837632,-0.455411078,-0.111184571,-0.030579411,3,2,2
IND_02,0.264060362,-0.51238547,0.37020918,-0.204189288,0.57819324,-0.271961541,3,2,2
IND_03,1.201570979,0.509979414,-0.096344049,-0.041687198,0.008864922,0.03749065,3,2,2
IND_04,2.972476992,2.505439678,-0.072451824,-0.177518081,0.911327347,-0.202211107,3,2,2
IND_05,1.663357484,1.110197891,-0.512950006,-0.028620311,0.956406511,0.277200419,3,2,2
IND_06,1.260390501,0.801935784,-0.353549288,0.038115938,-0.646256998,-0.529041537,3,2,2
IND_07,1.087017926,0.73741015,-0.010581706,0.081322883,-0.841720219,-0.46743337,3,2,2
IND_08,0.641060888,-0.266622872,1.105128161,0.620347434,-0.610495322,-0.281839847,2,3,3
IND_09,1.163486534,0.403757002,1.409690571,0.830698703,-0.345018721,-0.957425307,2,3,3
IND_10,0.362003043,-0.486961325,1.419204286,1.100195156,0.496555259,-1.590744716,2,3,3
IND_11,-1.077665274,-0.925447654,0.548746978,0.588929796,1.258927613,-1.645984291,2,3,3
IND_12,0.055027023,1.336384774,0.755765331,0.532928323,2.027411391,-1.512564989,2,3,3
IND_13,0.178653586,0.469958456,0.843028402,1.040668835,0.038834861,-1.101039738,2,3,3
IND_14,0.874377147,1.118368957,1.208512011,1.067738615,-0.684576555,-1.590124627,2,3,3
IND_15,-0.708936004,-0.357770087,1.175735321,1.160956635,0.227482928,-0.878109482,2,3,3
IND_16,0.866943131,0.656469552,0.711947706,1.180331947,-0.717811807,0.002236072,2,3,3
JAC_00,0.295480089,0.247927315,-0.358166548,-0.185412996,0.588978933,-0.331515769,3,2,2
JAC_01,-0.626656705,-0.731777116,0.98157343,0.230621557,1.872818445,-0.647053799,2,3,3
JAC_02,-0.605777696,-0.498246175,-0.88451168,-0.428505818,-0.314225533,0.03749065,1,2,4
JAC_03,-0.227627767,0.090343283,-0.804913664,-0.23515206,-0.34277072,-0.228817642,1,2,2
JAC_04,-0.510651447,-0.441754823,-0.455548153,0.290071705,0.03058583,0.771128784,1,2,2
JAC_05,-0.067117908,0.448783349,-0.963288726,-0.013449502,1.795521971,0.916598733,4,2,4
JAC_06,-0.120900435,0.082653477,-1.559471701,-0.24991309,-0.50092913,2.018460718,4,4,4
JAC_07,0.711763076,0.93961731,-1.393374503,-0.679121831,-0.491945262,1.099479703,4,4,4
JAC_08,-0.390757013,-0.89352431,0.059376584,0.045695094,-0.366214391,1.064845676,1,2,2
JAC_09,-0.005799708,-0.098386011,-0.314658042,0.056290331,0.127106297,0.153760788,3,2,2
JAC_10,0.014451304,-0.241598047,-1.32540092,0.138424733,-0.940341817,1.04221221,4,4,4
JAC_11,-2.423505112,-1.846387905,-1.104519332,0.125153027,-0.714036863,0.10205604,1,2,2
JAC_12,-0.834882654,-0.333753853,1.626056302,0.693767212,1.61539496,-1.146892148,2,3,3
JAC_13,-0.928227969,-0.988766278,1.306087159,1.310337571,0.275902337,-2.169573618,2,3,3
JAC_14,-1.475435684,-1.679790935,1.505596499,1.630308419,1.091413292,-1.682402901,2,3,3
JAC_15,0.314304961,0.892815917,1.934679507,1.263679496,0.007396888,-1.640482021,2,3,3
JAC_16,-0.770439372,-0.72131214,1.27748701,1.885462891,0.109368774,-2.883057366,2,3,3
KC_00,0.723238771,1.491860443,0.994772495,-1.554830622,-0.763269842,-1.540340527,2,1,1
KC_01,0.596049407,1.601429727,-0.291696678,-0.946726196,-1.439979575,-0.615707384,1,1,1
KC_02,1.329704318,1.807411883,-0.9556337,-1.094503496,-1.623501015,0.322626862,4,4,1
KC_03,1.092300955,1.083220125,-0.413432155,-1.097352478,-1.674915804,-0.225210229,3,1,1
KC_04,1.736063081,1.26235287,-0.554675199,-1.146919073,-1.707993868,-0.195476102,3,1,1
KC_05,1.305678964,1.384132906,-1.151594238,-1.307565796,-1.592228958,0.342168353,4,4,4
KC_06,-0.069325356,0.018518366,-1.366649496,-1.149194913,-1.777960453,0.335704827,4,4,4
KC_07,-1.109885129,-1.388852097,1.014373501,-0.51780575,-1.556485308,0.123554758,1,1,1
KC_08,-0.85072107,-0.731677728,0.68213903,1.371916233,-0.862669599,-0.363154494,2,3,3
KC_09,-1.340823528,-1.037979728,-0.06325671,0.58353522,0.28898268,-1.710284466,2,2,3
KC_10,-0.386588502,-0.092814127,-1.595560145,-0.079552143,-1.280970796,-0.098673955,1,2,4
KC_11,-0.412634777,-0.519458888,-0.926488361,0.025193177,0.846731618,-0.672024388,1,2,2
KC_12,-0.876826379,-0.942764973,-1.17613696,0.168131919,-1.296663107,0.003281662,1,2,2
KC_13,-0.290100832,-0.613486494,-0.02437667,0.913736343,-1.685189448,0.191388211,1,2,2
KC_14,-0.078531898,-0.827610451,-0.19841543,1.006736963,-1.4764059,0.950218163,1,2,2
KC_15,0.2532143,-0.482581742,-0.635946009,1.412275046,-0.996224131,1.754538332,4,2,2
KC_16,0.243518266,-0.674637738,0.358959101,1.536969893,-0.825280846,0.847423398,2,3,2
MIA_00,-1.333783548,-1.429719373,-1.536307897,-0.524827744,0.364506595,1.785371092,4,4,4
MIA_01,-0.830359387,-0.414539528,-1.111833609,-0.389352476,1.774909578,1.177417933,4,2,4
MIA_02,0.325454786,0.537259244,-1.629335384,-0.957604752,-0.873931555,0.953543664,4,4,4
MIA_03,-0.15341226,-0.104577937,-1.334990237,-1.086269067,-0.569563213,1.06655247,4,4,4
MIA_04,-0.415456189,0.114770943,1.194100437,-1.129327914,-0.52560593,-1.482716013,1,1,1
MIA_05,-1.699845729,-0.923386867,-0.122087547,-0.205822309,0.00377246,-2.216529235,1,2,2
MIA_06,-0.628245589,0.63828203,0.858833178,0.480159243,0.668772195,-0.563946798,2,3,3
MIA_07,-1.127180234,-1.261830954,0.722795968,-0.212089393,-0.494897491,-0.046140004,1,1,2
MIA_08,-1.217456746,-1.283716923,-0.5764425,-0.248113058,-0.75010855,1.741190919,1,2,4
MIA_09,0.960723851,0.09417436,-0.772533563,-0.299886954,-0.225816592,-0.299710875,3,2,2
MIA_10,-0.808951695,-1.299272699,-0.043157923,-0.561190293,1.001622776,-0.123300748,1,1,1
MIA_11,-0.250231535,-0.298107819,-0.872568151,-0.161490648,0.621976772,0.793542208,4,2,4
MIA_12,0.061637934,0.315266473,-0.427124596,0.628234777,-0.134157158,-0.169200578,3,2,2
MIA_13,-0.210499593,0.163163028,1.97010509,1.588942977,0.977570966,-0.817914595,2,3,3
MIA_14,-0.616823339,-0.865260294,0.987870386,2.298335723,0.000752104,-0.597958213,2,3,3
MIA_15,-0.397425845,-1.492706584,1.895790182,1.938973655,0.503693555,-1.299432782,2,3,3
MIA_16,-0.07749075,-0.375099868,-0.222583431,1.2997603,0.654155918,1.435290235,2,2,2
MIN_00,1.054227226,0.16249989,-0.31440791,-0.009388036,1.681239551,0.661009563,3,2,2
MIN_01,1.353197743,1.852460731,0.967404069,-0.440825104,4.380269193,0.010695787,3,2,2
MIN_02,-0.114922273,-0.09312709,-0.207201079,-0.000508713,2.522423938,-0.184830419,3,2,2
MIN_03,0.091694143,0.192688733,-0.763394037,-0.411327059,-0.031449544,0.935117913,4,2,4
MIN_04,1.48805358,1.21483261,0.825347705,-0.103816942,-0.636343997,0.617710571,3,3,2
MIN_05,2.049038965,1.352941877,0.514161994,-0.129777825,-0.509242766,0.426585017,3,2,2
MIN_06,-0.434369501,-1.120262222,-0.091331682,-0.738249301,-0.759538079,0.888845781,1,1,1
MIN_07,-0.879382447,-1.486540317,-1.471105521,-0.502255804,-0.028111179,0.624495142,4,4,4
MIN_08,0.062360998,0.273253959,-1.438073927,-0.493682278,-0.736145316,0.647599661,4,4,4
MIN_09,-0.121342699,0.287808384,-0.420376278,-0.34674539,-0.261200658,0.813819426,1,2,2
MIN_10,1.303451723,0.392328581,-0.437589932,-0.05490632,-0.105463771,0.837395065,3,2,2
MIN_11,-0.53537191,-0.654330086,-0.358725119,-0.078213415,0.140363268,-0.940656875,1,2,2
MIN_12,-0.972030659,-0.461772726,-1.048223267,0.072735852,-0.362337909,-0.837357204,1,2,2
MIN_13,-1.091958228,-1.523503287,0.193170111,0.439258559,0.085825482,-1.26129873,2,2,3
MIN_14,-0.35851206,-0.235997489,0.1199886,1.362278602,-0.46560766,-0.283565271,2,3,3
MIN_15,-0.227554112,-0.786700091,-1.117109289,0.458238221,-0.840869571,1.32547595,4,4,4
MIN_16,-0.199705028,-1.035885826,1.141212645,1.461764273,-0.5792985,0.417970042,2,3,3
NE_00,-0.041503509,-1.641404772,0.384436915,-1.38348417,0.148969507,-0.992119065,2,1,1
NE_01,-1.12364674,-1.186262552,-0.603188026,-0.710292031,0.227601958,0.741339467,1,2,4
NE_02,-0.447233616,-0.974764488,0.976681162,-0.312142426,0.295886109,-0.938538861,2,3,3
NE_03,-0.672012154,-1.313413589,-0.441372842,-0.891600944,-0.426447136,0.06007254,1,1,1
NE_04,-0.187791027,-0.072199502,-1.433345424,-0.866064822,0.634643455,0.616228437,4,4,4
NE_05,0.988801443,1.18018242,0.026551065,-0.242138952,0.183483679,-0.134003771,3,2,2
NE_06,1.163788598,1.380370726,-0.663145956,0.124953188,-0.862847654,-0.189806175,3,2,2
NE_07,-0.239263755,-0.440426455,0.114400921,0.79622883,1.997351652,0.733210905,2,2,2
NE_08,1.58550635,0.57578411,-0.783875546,0.956092885,0.85247521,-0.168323259,3,2,2
NE_09,0.227938253,-0.288257681,0.037421278,0.863200278,1.473797791,0.547391122,2,2,2
NE_10,0.831927461,0.33094714,-0.509991067,0.308519664,-0.635856697,-0.11859635,3,2,2
NE_11,1.131121844,0.710094846,0.450371572,0.871095611,-1.155090682,-2.584715558,2,3,3
NE_12,2.198879681,1.877077746,-0.061483125,0.681799329,-0.408610197,-2.887233942,3,3,3
NE_13,0.9840439,0.989801772,0.143547214,0.474983877,0.658326886,-2.096737607,3,3,3
NE_14,0.094101407,0.108946697,0.639370264,0.628734762,-0.373831339,-1.438088851,2,3,3
NE_15,0.306075861,-0.385438988,1.929915675,1.243627349,-1.118311055,-1.066214204,2,3,3
NE_16,0.756486774,0.580452665,-0.178055989,0.953775397,-0.527463371,-0.565126175,2,3,3
NO_00,1.608440829,1.060597926,-0.847544875,-0.185187249,0.58736199,0.13875395,3,2,2
NO_01,0.202710487,0.488042002,0.440237104,0.127787337,0.692463282,-0.938538861,2,2,2
NO_02,-0.33167175,0.513700016,0.024131582,-0.340296988,1.396156859,-0.548923351,1,2,2
NO_03,-0.20548549,1.170741647,-0.258182457,-0.18278902,-0.344931223,0.07333338,1,2,2
NO_04,-0.04161936,0.208432194,0.347673756,-0.216817355,0.384145625,-0.726777605,3,2,2
NO_05,0.079364396,0.933017474,0.228665078,-0.428371576,0.388132606,0.137661149,3,2,2
NO_06,-0.512391268,0.103872954,-0.071168603,-0.763277632,-1.12886127,-0.276822382,1,1,1
NO_07,1.447198244,1.418409859,1.354090943,-0.399075833,-0.755350803,-0.33457624,3,3,1
NO_08,0.118023375,-1.087499863,1.078470762,-0.130160629,-1.223254471,-0.522846358,1,3,2
NO_09,1.82033468,1.41921,-0.424658022,-0.141618943,-1.012416259,0.779318093,3,4,2
NO_10,1.70536833,0.540374916,1.941959432,0.270824653,-0.703363753,-0.150504436,3,3,2
NO_11,0.34542626,-0.917626921,1.177233006,0.234325674,-1.488721336,-1.051580567,2,3,3
NO_12,2.122762692,0.760447369,2.028619627,0.802867144,-1.341705017,-1.860833394,2,3,3
NO_13,1.228409267,1.158100384,1.288225089,0.616011027,-1.727362029,0.245820156,3,3,2
NO_14,1.327621203,0.434869971,1.327675793,0.836525099,-1.313209938,-1.356838756,2,3,3
NO_15,1.03471775,-0.342862763,1.566633089,0.889806169,-0.851273772,-0.863319138,2,3,3
NO_16,1.187921157,0.037971718,1.470703365,0.962991027,-0.310311437,-1.355633365,2,3,3
NYG_00,1.331012048,-0.01262729,-0.948072136,-1.027078853,-0.158503063,0.18783029,3,1,1
NYG_01,-0.2110307,0.003923799,0.304761598,-0.772472478,0.251813668,-0.48588398,1,2,1
NYG_02,-0.37450305,0.133365219,-0.53073767,-1.142488956,-1.438533304,0.050633778,1,1,1
NYG_03,0.874918806,0.986052338,1.359138489,-0.442784139,-0.438194546,-1.572969847,2,3,3
NYG_04,-1.271912261,-1.016564785,-0.376905003,-0.930386647,-0.929060523,0.430330173,1,1,1
NYG_05,-0.669164853,-0.311579095,-0.307515112,-0.430885598,-0.644057789,-0.091432586,1,1,1
NYG_06,-0.238973419,1.439244694,-0.59363498,-0.06662665,-0.897732642,0.069414571,1,2,2
NYG_07,-0.835647916,-0.688882232,-0.566162158,0.141883245,-0.085811789,0.532022943,1,2,2
NYG_08,-0.658367213,-0.176310303,-1.190335944,0.225662215,0.913209115,1.891181906,4,2,4
NYG_09,-0.124008237,-0.076128134,-0.178765858,0.647511759,1.314327568,0.931939128,3,2,2
NYG_10,1.207701196,1.243038977,-0.70224588,0.180016261,0.609675803,1.150269645,3,2,2
NYG_11,0.869864921,0.77011867,0.634702384,0.523371374,0.282726356,-0.499604878,2,3,3
NYG_12,1.643474981,2.043044689,0.087878502,0.609247489,0.895506713,0.185708038,3,2,2
NYG_13,0.692724283,1.189821947,0.937795817,1.090775208,0.412795528,-0.183484589,2,3,3
NYG_14,-0.292501226,0.308383646,0.282915458,1.187879333,0.26335763,-1.10793884,2,3,3
NYG_15,0.647442337,0.433710578,0.996858741,1.626060621,-0.40952471,-2.002811665,2,3,3
NYG_16,0.554602437,0.362544014,0.996050822,1.813588446,0.120551228,-1.493734339,2,3,3
NYJ_00,-0.074027335,-0.361949025,0.848468333,-1.337141866,-0.787582318,-1.006362914,1,1,1
NYJ_01,-0.480162771,0.427228297,-0.839596896,-1.540689631,-0.335906069,0.99757293,4,4,4
NYJ_02,-0.697706514,-0.738600907,-0.249660064,-1.550423502,-0.278771833,1.062488849,4,1,1
NYJ_03,0.343451407,-0.503913388,-0.205801123,-1.554830622,-0.341355616,0.372932057,4,1,1
NYJ_04,0.306301259,-0.144140217,-1.559622566,-1.550663105,-0.391386023,2.060115901,4,4,4
NYJ_05,0.459643961,-0.076031208,0.06997762,-0.987735811,0.268916623,-0.19202308,3,1,1
NYJ_06,-1.198662163,-0.990293646,-0.851936122,-0.587391762,1.782639226,0.476485643,1,2,4
NYJ_07,0.100324832,-0.63882769,-0.28722561,0.618956332,0.963630606,-0.777539302,2,2,2
NYJ_08,-0.674628292,-1.135791554,-0.070161326,0.180182053,-0.630932048,1.363286318,1,2,2
NYJ_09,-0.277514539,-1.363346927,-2.457810627,-0.719424361,-0.20279006,1.094429964,4,4,4
NYJ_10,0.000462311,1.071163966,-1.156194116,-0.304713452,-0.478108528,0.011528108,1,4,4
NYJ_11,-0.284302357,0.470070637,-0.068615282,-0.006771902,-0.968001041,0.061660656,1,2,2
NYJ_12,-0.57775674,-0.136141563,-0.939219914,0.195260662,-0.076770383,-0.260139312,1,2,2
NYJ_13,-0.812725313,-0.123421778,-1.029876278,1.658742023,0.063895913,-0.145722179,1,2,2
NYJ_14,-0.541426928,0.289214759,-1.007410376,1.792121594,-0.071174155,-0.216903266,1,2,2
NYJ_15,-0.728727648,-0.54347911,0.202638077,1.318660965,2.671291014,-0.442270243,2,3,3
NYJ_16,0.206046191,0.492101304,0.219876252,1.556262605,1.810161455,0.506166224,2,2,2
OAK_00,-0.338460636,0.387702119,-1.398385765,-1.554830622,-0.785267031,1.196256035,4,4,4
OAK_01,0.302930381,0.735387127,-0.32647342,-1.554830622,-0.368313641,0.339062704,4,1,1
OAK_02,0.382540792,-0.543431722,1.136775972,-1.554830622,-0.421028319,-0.273291678,1,1,1
OAK_03,0.847525513,0.000331865,-0.016792709,-1.554830622,-0.012026328,-0.934922606,3,1,1
OAK_04,-1.500933036,-0.945159795,1.982735144,-1.390499953,-0.335746601,-0.96317655,1,1,1
OAK_05,0.122498821,1.023671563,1.58900967,-1.418683353,0.905181112,-1.16506904,2,1,1
OAK_06,-0.634993104,0.633047778,0.245083752,-1.298613938,2.307403321,-0.067441308,1,1,1
OAK_07,-1.901139326,-1.711932088,-1.428859204,-0.515729624,-0.447507171,1.222339561,4,4,4
OAK_08,-0.957576739,-0.749947381,-1.280566979,-0.577917388,-1.192593698,0.898111971,4,4,4
OAK_09,-1.131242578,-0.111774655,-0.153511824,-0.014341378,-0.901609638,0.116953455,1,2,2
OAK_10,-1.561595423,-0.804312566,-1.057868999,-0.038183208,-1.121003329,0.653058455,1,2,4
OAK_11,-0.031223453,0.660818504,-0.620186383,-0.380083435,0.283946493,-0.284106109,1,2,2
OAK_12,1.395728856,1.991279719,1.506483873,0.198652312,-0.776687689,-0.871413095,3,3,3
OAK_13,0.026038768,0.112451041,-0.206473159,1.620142477,-0.552124174,-0.011971997,2,3,2
OAK_14,0.329540491,1.186787866,2.275497595,1.422915045,-0.625721126,-0.943727987,2,3,3
OAK_15,-1.590006269,-1.948438139,1.430073763,1.590305434,-0.081247365,-0.359944549,2,3,3
OAK_16,-0.171798144,-0.395505432,0.430962932,1.575042142,0.523877869,0.095313891,2,2,3
PHI_00,0.006344061,-0.207325179,0.870625447,-1.501787509,-1.342401378,-0.604924073,1,1,1
PHI_01,-1.626059177,-1.813237573,0.010575812,-1.542727203,-1.13513201,-0.044613121,1,1,1
PHI_02,-0.612697336,-0.449861507,-0.371355478,-1.547056799,-0.341649735,-0.565227545,1,1,1
PHI_03,-0.49700377,-0.22162718,-0.109731646,-1.507337086,-0.907799371,0.0049759,1,1,1
PHI_04,-0.56184331,-0.137695933,0.821608494,-1.270947869,-0.953400745,-0.069615016,1,1,1
PHI_05,0.895425718,1.089285256,1.765548505,-1.017573923,-0.89131601,-1.361288257,2,1,1
PHI_06,-0.702617131,0.166601943,0.088646575,-0.651858449,-1.064447542,-0.322447194,1,1,1
PHI_07,1.170626854,2.072205193,0.552303112,0.000840662,-0.458153329,-0.138193095,3,2,2
PHI_08,-0.003784593,-0.033847086,0.671296614,0.414975946,-0.025900054,-0.217414758,2,2,2
PHI_09,0.136875175,0.21137677,0.927572563,0.867050753,-0.495061356,-0.873247824,2,3,3
PHI_10,1.114152005,1.691457474,0.383234194,0.812956898,-0.26588039,0.182330243,3,3,2
PHI_11,0.737789612,0.634710955,-0.154325611,0.552959674,0.337591567,0.305457058,3,2,2
PHI_12,1.280798556,1.862836159,1.010671616,1.084331829,0.020628424,-1.600041745,2,3,3
PHI_13,-0.458769143,-0.502111943,-0.806961769,2.363543483,-0.104216232,-3.362456351,2,3,3
PHI_14,1.76126438,2.317473379,0.12875124,2.33280856,-0.185844295,-4.435094983,2,3,3
PHI_15,0.587612979,0.577587151,0.537327388,2.761109257,-1.303670217,-4.46744842,2,3,3
PHI_16,0.018666579,-0.73408473,0.459503918,1.523506084,-0.166198108,0.168365877,2,3,3
PIT_00,-0.833489093,-1.456228071,-1.602733485,-0.436869281,2.164640637,1.086973049,4,4,4
PIT_01,-0.944871755,0.936817389,-1.848035821,-0.639042025,3.199741237,1.895381106,4,4,4
PIT_02,0.368699687,0.597644069,-0.44028346,-0.069616807,3.199741237,-0.018789173,3,2,2
PIT_03,0.514687157,0.321976099,-0.211480466,-0.220808312,1.515029466,0.27224714,3,2,2
PIT_04,-0.352342425,0.041773244,-2.622399458,-0.552840374,2.529963543,2.62293173,4,4,4
PIT_05,1.338305565,1.397276466,-2.265112787,-0.677118234,0.990648981,2.268838121,4,4,4
PIT_06,1.723755794,2.485213086,-0.464394956,-0.050080618,1.153065052,0.28733537,3,2,2
PIT_07,0.923927257,1.324589942,-1.288744741,-0.266113183,0.546832579,2.35730079,3,4,4
PIT_08,0.619888152,0.053099325,-0.625948191,-0.130367665,0.568995748,1.205940192,3,2,2
PIT_09,0.213007414,0.288983964,0.096927334,0.059157614,0.701776874,1.861077257,3,2,2
PIT_10,1.553433399,1.162963095,-0.931889096,0.107294378,0.704463063,2.019547451,3,4,2
PIT_11,1.289064591,1.207238818,0.099345342,0.228335772,1.388859119,1.434566252,3,2,2
PIT_12,1.177761408,1.187750644,0.524276981,0.433478472,-0.240121336,1.15179548,3,2,2
PIT_13,0.223932291,-0.068668753,0.950073246,1.055110741,0.406374267,0.274440527,2,3,3
PIT_14,0.566797815,-0.114505705,0.885281806,1.275352359,0.01656026,0.390343734,2,3,3
PIT_15,1.84116957,0.875755753,1.009900336,1.540577355,1.412260291,-0.339110968,2,3,3
PIT_16,1.522853641,1.087975364,0.346856902,1.502079445,-0.325851971,-0.737139607,2,3,3
SD_00,0.757250188,0.318755343,1.733488931,-0.814510963,-1.02518808,-0.607104041,1,3,1
SD_01,-1.223279538,-0.38219575,-0.080691915,-0.823344672,0.146147884,0.287057934,1,1,1
SD_02,-0.205389817,0.641398402,-0.515472423,-0.472265283,-1.114293857,0.321722108,1,4,1
SD_03,-0.780068595,-1.010846246,-0.055550014,-0.394269312,-1.136317032,-0.62051122,1,1,1
SD_04,-0.825999151,-0.64577758,-1.578000094,-1.079826858,-1.392087098,1.396604495,4,4,4
SD_05,1.223229729,0.801823452,-0.546098442,-0.973767784,-1.317538824,0.778683546,4,4,1
SD_06,0.21151628,-0.460590471,-1.464588724,-0.76112617,-1.396301167,0.813196361,4,4,4
SD_07,0.626362204,0.830309242,-1.170001914,-0.491010526,-1.262224903,0.690216459,4,4,4
SD_08,0.292495044,0.624188304,-0.344292382,-0.335598935,-1.44983815,0.998761145,1,4,4
SD_09,1.715207676,1.618603377,-0.09096909,-0.032426834,-1.16988142,0.694053387,3,2,2
SD_10,2.307896953,2.088912465,-0.262050893,0.231843038,-1.063559077,1.430518229,3,4,2
SD_11,2.284049044,2.009208548,0.226466995,0.568980769,-1.360878664,0.806085816,3,3,2
SD_12,1.441587734,1.459412638,0.227304869,0.925129047,-1.358619353,1.565253441,3,3,2
SD_13,-0.341178316,-1.107579517,-0.750545786,1.737586734,-1.339279447,1.424313516,4,2,4
SD_14,1.946537844,0.808467084,0.720087538,1.957928054,-0.327653594,0.642142684,2,3,3
SD_15,0.781971567,0.030186912,1.737110607,2.50474805,-1.162983136,-0.672883482,2,3,3
SD_16,0.421020224,-0.432621333,0.767243226,1.354959599,-0.711338587,-1.281177292,2,3,3
SEA_00,0.898973445,1.407415613,0.143424049,-1.554830622,-0.704250598,-0.718486418,3,1,1
SEA_01,-0.922985977,-1.266191692,-0.935842863,-1.45940298,0.300175064,0.562266667,4,1,4
SEA_02,-0.535481817,0.255908754,0.36981948,-1.465764822,-0.19830502,-1.223643054,1,1,1
SEA_03,0.562433932,0.590141931,-0.203845582,-1.546211351,0.502688906,-1.15126127,3,1,1
SEA_04,0.480374005,0.736764202,-0.334962987,-1.533576284,0.442962515,-1.264440059,3,1,1
SEA_05,0.347429891,1.02801769,-1.402308852,-1.554830622,0.676132158,-0.358396947,4,4,1
SEA_06,0.814307275,0.490760352,-0.698600366,-1.400286364,1.345072677,-0.938409754,3,1,1
SEA_07,-0.634777298,-0.187866231,0.512019352,-1.209059267,1.212173126,-0.90915883,1,1,1
SEA_08,0.186954745,-0.129570606,-0.451612554,-1.277400744,-0.062972469,-0.795208484,1,1,1
SEA_09,-1.266860221,-0.847061507,1.159664717,0.297652784,-0.106069116,-2.544177699,2,3,3
SEA_10,-1.030991249,-1.475507124,0.877818272,0.255216278,0.419009433,-1.089219741,2,3,3
SEA_11,-0.488771837,-0.459314462,-0.316530413,0.002266885,0.212128088,-1.105075486,1,2,2
SEA_12,-0.515061043,-0.400796639,-1.875829125,0.378009772,-0.325746865,1.809989857,4,4,4
SEA_13,1.354229154,1.285893737,-1.675327379,0.758579437,0.332991331,1.413158137,3,4,4
SEA_14,1.47577035,1.427140869,-1.51992225,1.580717456,0.381893959,1.151520389,3,4,4
SEA_15,1.203987868,1.319911605,-0.768376066,1.38734299,-0.425935917,0.554746714,3,4,2
SEA_16,1.328213717,0.547169802,0.441807742,1.607710278,0.048565662,0.05319198,3,3,3
SF_00,0.911614872,0.409870849,0.488318474,-1.22148621,0.289174274,-0.49176709,3,1,1
SF_01,1.032825711,0.885939825,-1.048401705,-1.422572785,-0.181979471,0.979246338,4,4,4
SF_02,0.325952308,0.018789589,-0.131027449,-1.236632889,0.141538476,-0.152933268,3,1,1
SF_03,-0.520872557,-1.000402542,-0.987855546,-1.095343765,0.435089566,0.133898914,4,1,1
SF_04,0.280999765,0.70178465,0.5289757,-1.18111886,-0.980469346,-0.926214594,1,1,1
SF_05,-1.213097215,-1.219941032,-1.209814053,-0.41422207,-0.054022472,1.4871175,4,4,4
SF_06,-2.085130624,-1.599403391,-0.946731738,-1.182995461,-1.120174281,1.264618739,4,1,4
SF_07,-0.501365183,-0.329922543,0.929765236,-0.073690443,-0.91311605,-0.386753135,1,3,2
SF_08,-2.449087182,-2.506901276,0.290222469,-0.878495894,0.339337474,0.6699578,1,1,1
SF_09,0.276121507,0.193300802,0.70440287,0.506772316,-1.361308787,1.35473637,2,3,2
SF_10,-0.966591695,-1.073983771,0.049818245,0.261122074,-1.29967132,0.474073595,1,2,2
SF_11,0.339708582,1.254222187,-1.138053063,-0.241548234,-0.927066788,1.521944315,4,4,4
SF_12,-0.044803698,-0.001549848,-1.484969655,0.534167228,-0.263921165,1.952695215,4,4,4
SF_13,1.679708212,1.373087027,-1.609403415,0.490643783,-0.326577184,1.373552125,3,4,4
SF_14,0.705052438,1.381587676,-0.737685386,0.836440456,1.677723629,1.1758597,3,2,2
SF_15,-0.358406198,-0.296315734,0.530304034,1.311543958,-1.017463411,-1.596457792,2,3,3
SF_16,-0.32309246,-0.506854459,-0.624899742,2.99918323,-0.087787041,-2.040606154,2,3,3
STL_00,-0.804485726,-0.677492039,1.288910403,-1.323650036,1.230906982,0.475978454,1,1,1
STL_01,3.063419139,3.359860694,0.317762484,-1.449357965,0.374770771,1.376356569,3,4,1
STL_02,2.202072543,1.478878351,2.410130874,-1.358477065,0.386149608,0.056044261,3,1,1
STL_03,0.198272026,-0.635167228,0.934004859,-1.309602787,2.160307082,0.441781362,3,1,1
STL_04,0.109139363,-0.18982335,1.178405397,-1.005447277,2.791349997,0.960726637,4,1,1
STL_05,1.243199692,0.972197383,1.328892281,-0.829487438,2.050791189,-0.118143715,3,1,1
STL_06,0.232982422,-0.509292138,0.645730935,-0.258395871,0.585889848,-0.287305771,3,2,2
STL_07,0.413217863,-0.088051884,0.736708751,-0.219494691,0.196773248,-0.335731623,3,2,2
STL_08,-1.108112433,-1.154580366,0.043465621,0.15936858,-0.088228798,0.197604961,1,2,2
STL_09,-1.136365005,-0.744465834,0.318633159,0.244334232,-0.306230929,-0.396256894,1,2,2
STL_10,-2.023813021,-2.360933275,0.417433763,0.057108105,0.650128776,-0.237037413,1,2,2
STL_11,-1.231210387,-1.67883578,0.500865475,0.683903759,1.002975465,-1.394201116,2,3,3
STL_12,-1.719640663,-1.011965152,0.377484218,0.28381815,0.775365109,-0.099486052,1,2,2
STL_13,-0.039034433,-0.108474637,-0.266639684,0.333907194,-0.756724318,0.162527921,1,2,2
STL_14,-0.456158522,-0.414630799,0.29821724,0.521742689,-1.151228556,0.504368032,1,2,2
STL_15,0.100755913,-0.442490796,-0.746267473,0.381624444,-0.611540482,0.605570498,1,2,2
STL_16,-0.770256737,-0.532581355,0.813267177,1.221517357,0.127303528,0.576099836,2,3,3
TB_00,-0.856778248,-0.003809497,-1.310868077,-0.36626288,-0.035889137,0.865444976,4,4,4
TB_01,-1.200544691,-1.755957097,0.844968052,-0.460817783,-0.516591836,0.472915337,1,1,2
TB_02,-0.388675904,-0.541983728,0.010026881,-1.554830622,-0.515772336,1.092925958,4,1,1
TB_03,-0.109098454,-0.492001128,0.440939311,-1.554830622,-0.865260476,0.998533595,4,1,1
TB_04,0.396730301,-0.59530495,0.268088877,-1.554830622,-0.689237578,1.020192237,4,1,1
TB_05,-0.822208887,-1.578250369,-0.619016581,-1.554830622,-0.628307015,1.383479856,4,1,4
TB_06,-1.637188539,-1.435906907,0.234990913,-1.554830622,-0.842864318,-0.457230177,1,1,1
TB_07,0.454511713,-0.286646409,-0.53165067,-0.391478396,-1.023233021,0.825452434,1,2,4
TB_08,-0.019864294,-0.658530178,-0.098581199,0.123143477,-0.839226837,0.76252694,1,2,2
TB_09,-1.056473813,-0.147662352,0.132789132,0.595816501,-1.12886127,0.039535814,1,2,2
TB_10,0.31727849,0.246471424,-0.478804783,0.2665883,-0.779112137,1.795548934,1,2,2
TB_11,-0.285717504,-0.840500016,1.683753532,0.60888745,-0.936041703,0.183980327,2,3,2
TB_12,0.68994348,2.264365689,0.299313713,0.546565593,-0.060361626,0.152041678,3,2,2
TB_13,-1.371614559,-1.174346454,-0.028610046,0.44710708,3.132106823,0.265385258,1,2,2
TB_14,-0.292279876,0.213315497,1.156938894,0.997960772,0.679308492,-0.442136318,2,3,3
TB_15,0.864906128,1.750768237,-0.40603173,0.49118683,-0.355719251,-0.965502711,3,3,2
TB_16,0.281162651,0.320146583,0.064873869,0.710838049,0.480837787,-0.620099728,2,3,2
TEN_00,0.449230678,0.412357061,-1.5480603,-0.806176012,-1.217631438,2.003626309,4,4,4
TEN_01,0.452022153,0.912316621,-0.566899989,-0.442810256,-0.219112091,0.692146142,1,4,4
TEN_02,0.034997261,0.050233859,-1.106594662,-0.585618397,-0.190213226,1.380876421,4,4,4
TEN_03,1.574896306,1.56284662,-1.09118723,-0.479898555,0.501598297,2.071680039,3,4,4
TEN_04,-0.42621411,-0.661616992,0.61486299,-0.973111687,-0.090613684,0.231760084,1,1,1
TEN_05,-0.48178106,-0.782295925,0.866970972,-1.284888044,-1.186637108,0.493264184,1,1,1
TEN_06,-0.824073071,0.799293166,-1.232720969,-0.199051225,-0.277731563,-0.61816369,1,4,4
TEN_07,-0.52169115,-0.953767753,-1.584044867,0.019421572,-0.077872049,0.53018271,4,2,4
TEN_08,-0.395146053,-0.160834171,-1.484827943,-0.569476228,-1.025853208,0.203470579,4,4,4
TEN_09,-0.20727535,0.467177593,-1.34892258,-0.11898197,-0.794149564,-0.566357969,1,4,4
TEN_10,0.069821701,0.683058269,-0.410441028,0.007257813,-0.602302611,-0.785761194,1,2,2
TEN_11,0.266185073,0.388949333,1.027301825,0.555051282,-0.30929131,-1.054899343,2,3,3
TEN_12,-0.530270686,-0.361050549,0.657196743,0.819792035,0.712297783,-0.691406261,2,3,3
TEN_13,0.131888428,-0.110808796,-0.41128151,0.869234933,0.863994608,-0.436561295,2,2,2
TEN_14,0.222579969,0.716485734,0.893821807,1.538727953,-0.701507538,0.067966161,2,3,3
TEN_15,-0.210069099,-0.567785047,1.088867892,1.134920068,-1.511376433,0.285261538,2,3,3
TEN_16,0.671806909,0.82282916,-0.830411316,0.964061529,-0.494586381,-0.805149964,2,3,3
WAS_00,0.064513578,-0.063316495,-0.057228931,-0.755946506,-0.9209186,0.45706755,1,1,1
WAS_01,-0.920759883,-0.193839786,-1.441952607,-0.892403736,-0.494080176,1.25392508,4,4,4
WAS_02,-0.834090945,0.095928482,0.027560395,-0.582736137,1.227070824,-0.945053302,1,2,1
WAS_03,-1.092620008,-0.151060029,0.039723938,-0.766854437,1.816993214,-0.542114878,1,1,1
WAS_04,-1.814916858,-1.780758796,-0.643222428,-1.554830622,0.498924294,0.581514761,4,1,1
WAS_05,-0.32099795,0.20715543,-1.372444064,-0.47607616,-0.845975421,0.630975361,4,4,4
WAS_06,-0.077532934,0.316565282,-1.296405135,-0.761972149,-0.884504677,0.768075912,4,4,4
WAS_07,-0.023413583,-0.117663481,-0.718939396,-0.515729624,-0.758985567,-0.345104368,1,1,1
WAS_08,-0.7105481,-1.370108905,-0.739055432,-0.720815348,-0.558137994,0.670276402,1,1,4
WAS_09,0.077025685,-0.511270961,0.516051754,-0.045991699,-0.657452306,0.048634688,1,1,2
WAS_10,-0.030291681,0.497433266,1.919454157,-0.420841659,-1.116108653,-0.771293025,1,3,1
WAS_11,-0.14325934,0.150090363,0.888339031,-0.068674544,-0.02627002,-0.240877985,2,2,2
WAS_12,1.221051538,0.837299723,-1.538060862,1.532727114,3.26042258,1.063013521,3,4,4
WAS_13,-0.440164721,-0.201681608,0.37675666,1.820135628,2.646040833,-1.391880027,2,3,3
WAS_14,1.080005735,0.394243226,0.620813645,1.429227811,-0.254816533,0.507188145,2,3,3
WAS_15,0.890627235,-0.265165857,0.281550196,0.755030338,-0.653647184,0.937164104,3,3,2
WAS_16,1.694073602,1.02313156,1.197143835,0.98010209,-0.264487844,-0.047241796,2,3,3
