team_id,full_year,team,Total_Yards_Per_Game_Rank,Run_Yards_Per_Game_Rank,Avg_Penalty_Yardage,Pass_Yards_Per_Game_Rank,Run_Yards_Per_Game,Points_Per_Game,Turnovers_Per_Game,Total_Yards_Per_Game,Turnovers_Per_Game_Rank,Penalties_Per_Game,Pass_Yards_Per_Game,Points_Per_Game_Rank,Sacks_Allowed_Per_Game,Sacks_Allowed_Per_Game_Rank
ARI_00,2000,Arizona Cardinals,24,27,8.177083333,17,79.875,13.125,2.75,283,30,6,203.125,29,2.1875,16
ARI_01,2001,Arizona Cardinals,18,27,8.611111111,13,90.5625,18.4375,1.6875,306.125,9,4.5,215.5625,20,1.8125,10
ARI_02,2002,Arizona Cardinals,27,15,8.118421053,29,113.9375,16.375,2.1875,285.1875,25,4.75,171.25,29,2.5625,23
ARI_03,2003,Arizona Cardinals,27,29,7.765306122,23,95.6875,14.0625,2.25,280.625,29,6.125,184.9375,32,2.75,31
ARI_04,2004,Arizona Cardinals,27,22,7.64516129,24,104.25,17.75,1.8125,284.375,18,7.75,180.125,26,2.4375,20
ARI_05,2005,Arizona Cardinals,8,32,8.165517241,1,71.125,19.4375,2.3125,348.4375,29,9.0625,277.3125,17,2.8125,25
ARI_06,2006,Arizona Cardinals,18,30,8.008547009,10,83.625,19.625,1.875,312.5,20,7.3125,228.875,19,2.1875,18
ARI_07,2007,Arizona Cardinals,12,29,8.233576642,5,90,25.25,2.25,344.0625,27,8.5625,254.0625,7,1.5,9
ARI_08,2008,Arizona Cardinals,4,32,7.299065421,2,73.625,26.6875,1.875,365.75,24,6.6875,292.125,3,1.75,12
ARI_09,2009,Arizona Cardinals,14,28,8.203703704,12,93.375,23.4375,2.25,344.375,31,6.75,251,11,1.625,7
ARI_10,2010,Arizona Cardinals,31,32,8.055555556,31,86.75,18.0625,2.1875,269.3125,28,6.75,182.5625,26,3.125,31
ARI_11,2011,Arizona Cardinals,19,24,9.471698113,17,101.5625,19.5,2,324.5,28,6.625,222.9375,24,3.375,31
ARI_12,2012,Arizona Cardinals,32,32,8.401960784,28,75.25,15.625,2.125,263.0625,28,6.375,187.8125,31,3.625,32
ARI_13,2013,Arizona Cardinals,12,23,7.75,13,96.25,23.6875,1.9375,346.375,26,6,250.125,16,2.5625,15
ARI_14,2014,Arizona Cardinals,24,31,7.769230769,14,81.75,19.375,1.0625,319.75,4,5.6875,238,24,1.75,7
ARI_15,2015,Arizona Cardinals,1,8,8.063829787,2,119.8125,30.5625,1.5,408.3125,17,5.875,288.5,2,1.6875,7
ARI_16,2016,Arizona Cardinals,9,18,8.548076923,9,108.25,26.125,1.75,366.75,26,6.5,258.5,6,2.5625,26
ATL_00,2000,Atlanta Falcons,30,28,7.422680412,24,75.875,15.75,2.125,249.625,23,6.0625,173.75,27,3.8125,31
ATL_01,2001,Atlanta Falcons,15,16,8.377777778,17,110.125,18.1875,1.75,316.875,13,5.625,206.75,23,4,31
ATL_02,2002,Atlanta Falcons,14,4,8.866666667,23,148,25.125,1.6875,345.9375,11,6.5625,197.9375,5,2.25,17
ATL_03,2003,Atlanta Falcons,29,14,8.777777778,31,121.8125,18.6875,1.9375,272.3125,20,5.625,150.5,20,2.1875,15
ATL_04,2004,Atlanta Falcons,20,1,8.302752294,30,167,21.25,1.875,317.75,22,6.8125,150.75,16,3.125,28
ATL_05,2005,Atlanta Falcons,12,1,9.149122807,27,159.125,21.9375,1.8125,326.5625,19,7.125,167.4375,14,2.4375,18
ATL_06,2006,Atlanta Falcons,12,1,9.135416667,32,183.6875,18.25,1.25,331.875,5,6,148.1875,25,2.9375,26
ATL_07,2007,Atlanta Falcons,23,26,8.485714286,18,95,16.1875,1.5,300.8125,7,6.5625,205.8125,29,2.9375,26
ATL_08,2008,Atlanta Falcons,6,2,8.323943662,14,152.6875,24.4375,1.3125,361.1875,8,4.4375,208.5,10,1.0625,5
ATL_09,2009,Atlanta Falcons,16,15,8.512820513,14,117.25,22.6875,1.5625,340.4375,12,4.875,223.1875,13,1.6875,8
ATL_10,2010,Atlanta Falcons,16,12,10.31034483,15,118.1875,25.875,1.0625,341.125,3,3.625,222.9375,5,1.4375,3
ATL_11,2011,Atlanta Falcons,10,17,8.268817204,8,114.625,25.125,1.3125,376.625,7,5.8125,262,7,1.625,6
ATL_12,2012,Atlanta Falcons,8,29,7.545454545,6,87.3125,26.1875,1.125,369.125,7,3.4375,281.8125,7,1.75,8
ATL_13,2013,Atlanta Falcons,14,32,8.659340659,7,77.9375,22.0625,1.75,343.125,21,5.6875,265.1875,20,2.75,23
ATL_14,2014,Atlanta Falcons,8,24,8.659793814,5,93.625,23.8125,1.4375,378.1875,13,6.0625,284.5625,12,1.9375,14
ATL_15,2015,Atlanta Falcons,7,19,9.69,6,100.375,21.1875,1.875,374.0625,26,6.25,273.6875,21,2,10
ATL_16,2016,Atlanta Falcons,2,5,8.153846154,3,120.5,33.75,0.6875,415.8125,1,6.5,295.3125,1,2.3125,22
BAL_00,2000,Baltimore Ravens,16,5,7.684210526,22,137.4375,20.8125,1.625,313.375,9,5.9375,175.9375,14,2.6875,21
BAL_01,2001,Baltimore Ravens,14,11,8.179775281,16,113.125,18.9375,2.25,320.25,25,5.5625,207.125,18,2.5,20
BAL_02,2002,Baltimore Ravens,26,16,8.376237624,27,112,19.75,2,289.9375,22,6.3125,177.9375,23,2.5625,23
BAL_03,2003,Baltimore Ravens,21,1,7.698412698,32,167.125,24.4375,2.375,308.0625,30,7.875,140.9375,8,2.625,23
BAL_04,2004,Baltimore Ravens,31,9,9.510638298,31,128.9375,19.8125,1.4375,273.4375,9,5.875,144.5,20,2.1875,13
BAL_05,2005,Baltimore Ravens,24,21,7.676258993,22,100.3125,16.5625,2.25,293.3125,28,8.6875,193,25,2.625,22
BAL_06,2006,Baltimore Ravens,17,25,8.055045872,11,102.3125,22.0625,1.4375,317,6,6.8125,214.6875,12,1.0625,2
BAL_07,2007,Baltimore Ravens,22,16,8.158878505,23,112.3125,17.1875,2.5,302,32,6.6875,189.6875,24,2.4375,21
BAL_08,2008,Baltimore Ravens,18,4,7.621359223,28,148.5,24.0625,1.3125,324,8,6.4375,175.5,11,2.0625,18
BAL_09,2009,Baltimore Ravens,13,5,9.513043478,18,137.5,24.4375,1.375,351.1875,5,7.1875,213.6875,9,2.25,20
BAL_10,2010,Baltimore Ravens,22,14,7.477777778,20,114.4375,22.3125,1.25,322.875,7,5.625,208.4375,16,2.5,24
BAL_11,2011,Baltimore Ravens,15,10,8.065217391,19,124.75,23.625,1.5,338.6875,16,5.75,213.9375,12,2.0625,13
BAL_12,2012,Baltimore Ravens,16,11,9.314049587,15,118.8125,24.875,1,352.5,2,7.5625,233.6875,10,2.375,20
BAL_13,2013,Baltimore Ravens,29,30,8.410714286,18,83,20,1.8125,307.375,22,7,224.375,25,3,29
BAL_14,2014,Baltimore Ravens,12,8,7.837837838,13,126.1875,25.5625,1.25,364.875,6,6.9375,238.6875,8,1.1875,2
BAL_15,2015,Baltimore Ravens,14,26,9.450819672,8,92.375,20.5,1.75,359.3125,22,7.625,266.9375,25,1.5,3
BAL_16,2016,Baltimore Ravens,17,28,8.888,12,91.4375,21.4375,1.4375,347.6875,17,7.8125,256.25,21,2.0625,14
BUF_00,2000,Buffalo Bills,9,13,9.03960396,11,120.125,19.6875,1.4375,343.625,4,6.3125,223.5,20,3.6875,30
BUF_01,2001,Buffalo Bills,13,22,7.756097561,12,105.375,16.5625,2.0625,321.0625,19,7.6875,215.6875,27,2.875,24
BUF_02,2002,Buffalo Bills,11,24,9.205357143,5,99.75,23.6875,1.9375,349.4375,19,7,249.6875,11,3.375,31
BUF_03,2003,Buffalo Bills,30,21,8.405660377,28,104,15.1875,2.125,271.75,27,6.625,167.75,30,3.1875,32
BUF_04,2004,Buffalo Bills,25,13,8.652892562,27,117.125,24.6875,1.8125,293.1875,18,7.5625,176.0625,7,2.375,19
BUF_05,2005,Buffalo Bills,28,20,7.475,29,100.4375,16.9375,1.625,257.625,13,7.5,157.1875,24,2.6875,23
BUF_06,2006,Buffalo Bills,30,27,7.229885057,28,97,18.75,1.8125,266.9375,19,5.4375,169.9375,23,2.9375,26
BUF_07,2007,Buffalo Bills,30,15,8.115384615,30,112.5,15.75,1.3125,277.125,4,4.875,164.625,30,1.625,11
BUF_08,2008,Buffalo Bills,25,14,7.577464789,22,115.125,21,1.875,305.125,24,4.4375,190,23,2.375,23
BUF_09,2009,Buffalo Bills,30,16,7.990654206,30,116.6875,16.125,1.875,273.875,20,6.6875,157.1875,28,2.875,29
BUF_10,2010,Buffalo Bills,25,18,7.719512195,24,107.5,17.6875,2.4375,304.875,31,5.125,197.375,28,2.125,15
BUF_11,2011,Buffalo Bills,14,13,8.639534884,15,120.0625,23.25,1.875,351.5,25,5.375,231.4375,14,1.4375,1
BUF_12,2012,Buffalo Bills,19,6,8.375,25,138.5625,21.5,2.125,342.875,28,6.5,204.3125,21,1.875,10
BUF_13,2013,Buffalo Bills,19,2,8.672727273,28,144.1875,21.1875,1.6875,338.125,19,6.875,193.9375,22,3,29
BUF_14,2014,Buffalo Bills,26,25,8.314516129,18,92.625,21.4375,1.4375,318.5,13,7.75,225.875,18,2.4375,18
BUF_15,2015,Buffalo Bills,13,1,8.734265734,28,152,23.6875,1.1875,360.9375,8,8.9375,208.9375,12,2.625,22
BUF_16,2016,Buffalo Bills,16,1,8.571428571,30,164.375,24.9375,0.75,354.125,3,7,189.75,10,2.875,29
CAR_00,2000,Carolina Panthers,20,29,8.130952381,12,74.125,19.375,2.1875,290.875,24,5.25,216.75,21,4.3125,32
CAR_01,2001,Carolina Panthers,30,29,8.586206897,26,85.75,15.8125,2.1875,265.875,23,5.4375,180.125,29,2,13
CAR_02,2002,Carolina Panthers,31,25,8.35106383,30,99.125,16.125,2.5,267.5,29,5.875,168.375,30,2.75,26
CAR_03,2003,Carolina Panthers,16,7,8.327586207,18,130.6875,20.3125,1.9375,321.3125,20,7.25,190.625,15,1.625,8
CAR_04,2004,Carolina Panthers,13,28,8.292682927,9,98.875,22.1875,1.625,326.5625,12,7.6875,227.6875,13,2.0625,11
CAR_05,2005,Carolina Panthers,22,19,8.043956044,17,104.9375,24.4375,1.625,309.375,13,5.6875,204.4375,8,1.75,9
CAR_06,2006,Carolina Panthers,24,24,7.223300971,15,103.6875,16.875,1.6875,307.6875,16,6.4375,204,27,2,14
CAR_07,2007,Carolina Panthers,29,14,8.431578947,29,114,16.6875,1.8125,284.9375,14,5.9375,170.9375,26,2.0625,17
CAR_08,2008,Carolina Panthers,10,3,6.776595745,19,152.3125,25.875,1.1875,349.6875,6,5.875,197.375,7,1.25,6
CAR_09,2009,Carolina Panthers,19,3,7.931818182,27,156.125,19.6875,1.9375,331.0625,22,5.5,174.9375,21,2.0625,14
CAR_10,2010,Carolina Panthers,32,13,8.660377358,32,115.375,12.25,2.3125,258.4375,29,6.625,143.0625,32,3.125,31
CAR_11,2011,Carolina Panthers,7,3,8.96460177,13,150.5,25.375,1.4375,389.8125,11,7.0625,239.3125,5,2.1875,16
CAR_12,2012,Carolina Panthers,12,9,8.520408163,16,130.5,22.3125,1.375,360.6875,10,6.125,230.1875,18,2.25,17
CAR_13,2013,Carolina Panthers,26,11,8.3875,29,126.625,22.875,1.1875,316.8125,4,5,190.1875,18,2.6875,19
CAR_14,2014,Carolina Panthers,16,7,9.108433735,19,127.25,21.1875,1.4375,346.6875,13,5.1875,219.4375,19,2.625,21
CAR_15,2015,Carolina Panthers,11,2,8.611650485,24,142.625,31.25,1.1875,366.9375,8,6.4375,224.3125,1,2.0625,15
CAR_16,2016,Carolina Panthers,19,10,8.520408163,21,113.375,23.0625,1.8125,343.6875,27,6.125,230.3125,15,2.25,20
CHI_00,2000,Chicago Bears,23,21,7.733333333,23,108.5,13.5,1.8125,283.8125,15,5.625,175.3125,28,2.125,13
CHI_01,2001,Chicago Bears,26,17,9.873015873,24,108.875,21.125,1.5,293.375,6,3.9375,184.5,11,1.0625,2
CHI_02,2002,Chicago Bears,29,32,9.094736842,24,84,17.5625,2.1875,274.6875,25,5.9375,190.6875,27,2.75,26
CHI_03,2003,Chicago Bears,28,18,8.760869565,30,110.1875,17.6875,1.8125,273.75,17,5.75,163.5625,23,2.6875,29
CHI_04,2004,Chicago Bears,32,25,7.709677419,32,101.5,14.4375,2.3125,238.5,27,7.75,137,32,4.125,32
CHI_05,2005,Chicago Bears,29,8,8.095238095,31,131.1875,16.25,1.75,256.3125,17,6.5625,125.125,26,1.9375,14
CHI_06,2006,Chicago Bears,15,15,8.241071429,14,119.875,26.6875,2.25,324.9375,28,7,205.0625,2,1.5625,7
CHI_07,2007,Chicago Bears,27,30,7.558558559,15,83.125,20.875,2.125,293.25,23,6.9375,210.125,18,2.6875,24
CHI_08,2008,Chicago Bears,26,24,7.820512821,21,104.5625,23.4375,1.6875,295.875,21,4.875,191.3125,14,1.8125,13
CHI_09,2009,Chicago Bears,23,29,8.36,17,93.25,20.4375,2.125,310.3125,29,6.25,217.0625,19,2.1875,19
CHI_10,2010,Chicago Bears,30,22,8.43956044,28,101,20.875,1.9375,289.4375,21,5.6875,188.4375,21,3.5,32
CHI_11,2011,Chicago Bears,24,9,7.692307692,26,125.9375,22.0625,1.8125,314.125,23,6.5,188.1875,17,3.0625,28
CHI_12,2012,Chicago Bears,28,10,7.950980392,29,123.125,23.4375,1.5,310.5625,14,6.375,187.4375,16,2.75,25
CHI_13,2013,Chicago Bears,8,16,8.329411765,5,114.25,27.8125,1.4375,381.8125,13,5.3125,267.5625,2,1.875,5
CHI_14,2014,Chicago Bears,21,27,8.82300885,15,90.0625,19.9375,1.8125,327.0625,26,7.0625,237,23,2.5625,19
CHI_15,2015,Chicago Bears,21,11,9.181818182,23,115.875,20.9375,1.3125,344.8125,13,6.1875,228.9375,23,2.0625,15
CHI_16,2016,Chicago Bears,15,17,8.790909091,14,108.4375,17.4375,1.9375,356.5,30,6.875,248.0625,28,1.75,9
CIN_00,2000,Cincinnati Bengals,29,2,8.868686869,31,144.625,11.5625,2.1875,266.25,24,6.1875,121.625,30,3.25,26
CIN_01,2001,Cincinnati Bengals,23,18,8.446601942,23,107,14.125,2.3125,300,26,6.4375,193,31,1.75,9
CIN_02,2002,Cincinnati Bengals,18,21,8.929292929,13,108.125,17.4375,2.1875,325.375,25,6.1875,217.25,28,2.3125,19
CIN_03,2003,Cincinnati Bengals,13,13,7.906542056,12,124.1875,21.625,1.375,333.0625,5,6.6875,208.875,13,2.3125,19
CIN_04,2004,Cincinnati Bengals,18,17,7.86407767,17,114.9375,23.375,2,321.25,24,6.4375,206.3125,10,1.9375,8
CIN_05,2005,Cincinnati Bengals,6,11,8.363636364,5,119.375,26.3125,1.25,358.125,5,6.875,238.75,4,1.3125,2
CIN_06,2006,Cincinnati Bengals,8,26,7.793478261,6,101.8125,23.3125,1.5,341.375,9,5.75,239.5625,8,2.25,19
CIN_07,2007,Cincinnati Bengals,10,24,7.444444444,7,97.25,23.75,1.875,348,19,5.625,250.75,11,1.0625,2
CIN_08,2008,Cincinnati Bengals,32,29,7.88,30,95,12.75,1.625,245.375,16,4.6875,150.375,32,3.1875,30
CIN_09,2009,Cincinnati Bengals,24,9,7.570175439,26,128.5,19.0625,1.5625,309.125,12,7.125,180.625,22,1.8125,9
CIN_10,2010,Cincinnati Bengals,20,27,8.055555556,13,95.125,20.125,2.125,330.5625,27,5.625,235.4375,22,1.75,9
CIN_11,2011,Cincinnati Bengals,20,19,8.828282828,20,111.125,21.5,1.375,319.875,9,6.1875,208.75,18,1.5625,5
CIN_12,2012,Cincinnati Bengals,22,18,8.656565657,17,109.0625,24.4375,1.625,332.6875,17,6.1875,223.625,12,2.875,26
CIN_13,2013,Cincinnati Bengals,10,18,9.803921569,8,109.6875,26.875,1.875,368.1875,25,6.375,258.5,6,1.8125,3
CIN_14,2014,Cincinnati Bengals,15,6,7.960784314,21,134.1875,22.8125,1.625,348,21,6.375,213.8125,15,1.4375,3
CIN_15,2015,Cincinnati Bengals,15,13,8.261261261,15,112.8125,26.1875,1.0625,358,4,6.9375,245.1875,7,2,10
CIN_16,2016,Cincinnati Bengals,13,13,8.25,15,110.5625,20.3125,1.0625,356.9375,8,5.5,246.375,24,2.5625,26
CLE_00,2000,Cleveland Browns,31,30,8.980582524,30,67.8125,10.0625,1.75,220.625,13,6.4375,152.8125,31,2.5,19
CLE_01,2001,Cleveland Browns,31,31,8.776595745,28,84.4375,17.8125,2.0625,259.5,19,5.875,175.0625,25,3.1875,29
CLE_02,2002,Cleveland Browns,23,23,7.897196262,18,100.9375,21.5,1.9375,314.1875,19,6.6875,213.25,19,2.1875,14
CLE_03,2003,Cleveland Browns,26,20,7.826530612,25,104.375,15.875,2.0625,281.5,26,6.125,177.125,29,2.5,20
CLE_04,2004,Cleveland Browns,28,23,7.426086957,25,103.5625,17.25,2.5,280.0625,30,7.1875,176.5,27,2.5625,22
CLE_05,2005,Cleveland Browns,26,25,7.777777778,23,93.9375,14.5,1.875,284.375,20,6.1875,190.4375,32,2.875,27
CLE_06,2006,Cleveland Browns,31,31,9.283783784,23,83.4375,14.875,2.625,264.5625,31,4.625,181.125,30,3.375,30
CLE_07,2007,Cleveland Browns,8,10,7.614035088,12,118.4375,25.125,1.8125,351.3125,14,7.125,232.875,8,1.1875,4
CLE_08,2008,Cleveland Browns,31,26,6.69,31,100.3125,14.5,1.625,249.0625,16,6.25,148.75,30,1.5,8
CLE_09,2009,Cleveland Browns,32,8,8.805194805,32,130.4375,15.3125,1.9375,260.1875,22,4.8125,129.75,29,1.875,11
CLE_10,2010,Cleveland Browns,29,20,8.653846154,29,102.875,16.9375,1.8125,289.6875,17,4.875,186.8125,31,2.25,18
CLE_11,2011,Cleveland Browns,29,28,8.915789474,24,95.6875,13.625,1.1875,288.8125,4,5.9375,193.125,30,2.4375,19
CLE_12,2012,Cleveland Browns,25,24,8.89380531,19,99.5625,18.875,1.625,314.25,17,7.0625,214.6875,24,2.25,17
CLE_13,2013,Cleveland Browns,18,27,8.846153846,11,86.4375,19.25,1.8125,338.9375,22,6.5,252.5,27,3.0625,30
CLE_14,2014,Cleveland Browns,23,17,8.034482759,20,108,18.6875,1.4375,324.5625,13,7.25,216.5625,27,1.9375,14
CLE_15,2015,Cleveland Browns,25,22,9.025,21,95.5625,17.375,1.875,331.9375,26,7.5,236.375,30,3.3125,31
CLE_16,2016,Cleveland Browns,30,19,7.747368421,28,107,16.5,1.5625,311,21,5.9375,204,31,4.125,32
DAL_00,2000,Dallas Cowboys,25,12,8.916666667,28,122.0625,18.375,2.4375,279.6875,28,6.75,157.625,23,2.1875,16
DAL_01,2001,Dallas Cowboys,29,3,8.175824176,31,136.5,15.375,2.125,275.125,22,5.6875,138.625,30,2.125,14
DAL_02,2002,Dallas Cowboys,30,19,9.276190476,31,109.625,13.5625,2.125,273.4375,24,6.5625,163.8125,31,3.375,31
DAL_03,2003,Dallas Cowboys,15,12,8.540816327,17,124.9375,18.0625,1.8125,322.5625,17,6.125,197.625,21,2.3125,19
DAL_04,2004,Dallas Cowboys,14,20,8.257142857,15,110.5625,18.3125,2.3125,324.8125,27,6.5625,214.25,25,2.25,15
DAL_05,2005,Dallas Cowboys,13,13,7.464646465,15,116.3125,20.3125,1.9375,325.125,24,6.1875,208.8125,15,3.125,29
DAL_06,2006,Dallas Cowboys,5,13,9.39,5,121,26.5625,1.875,360.75,20,6.25,239.75,4,2.3125,20
DAL_07,2007,Dallas Cowboys,3,17,7.836538462,4,109.125,28.4375,1.5,365.6875,7,6.5,256.5625,2,1.5625,10
DAL_08,2008,Dallas Cowboys,13,21,7.975,9,107.6875,22.625,2.0625,344.5,31,7.5,236.8125,18,1.9375,15
DAL_09,2009,Dallas Cowboys,2,7,7.756521739,6,131.4375,22.5625,1.1875,399.375,4,7.1875,267.9375,14,2.125,18
DAL_10,2010,Dallas Cowboys,7,16,7.917431193,6,111.625,24.625,1.875,364.25,20,6.8125,252.625,7,1.9375,11
DAL_11,2011,Dallas Cowboys,11,18,7.157894737,7,112.9375,23.0625,1.3125,375.5,7,7.125,262.5625,15,2.4375,19
DAL_12,2012,Dallas Cowboys,6,31,7.290598291,3,79.0625,23.5,1.8125,374.625,25,7.3125,295.5625,15,2.25,17
DAL_13,2013,Dallas Cowboys,16,24,8.5,14,94,27.4375,1.25,341.125,8,6.375,247.125,5,2.1875,7
DAL_14,2014,Dallas Cowboys,7,2,7.99047619,16,147.125,29.1875,1.5625,383.625,20,6.5625,236.5,5,1.875,12
DAL_15,2015,Dallas Cowboys,22,9,7.875,27,118.125,17.1875,2.0625,335.0625,31,7,216.9375,31,2.0625,15
DAL_16,2016,Dallas Cowboys,5,2,8.371428571,23,149.75,26.3125,0.9375,376.6875,5,6.5625,226.9375,5,1.75,9
DEN_00,2000,Denver Broncos,2,3,8.898876404,3,144.4375,30.3125,1.5625,409.625,7,5.5625,265.1875,2,1.875,9
DEN_01,2001,Denver Broncos,22,10,9.652631579,25,117.3125,21.25,1.6875,301.0625,9,5.9375,183.75,10,2.625,21
DEN_02,2002,Denver Broncos,3,5,8.432692308,8,141.625,24.5,1.6875,380.625,11,6.5,239,7,2.875,28
DEN_03,2003,Denver Broncos,7,2,8.61682243,22,164.3125,23.8125,1.5,349.875,7,6.6875,185.5625,10,1.5625,7
DEN_04,2004,Denver Broncos,5,4,9.462365591,6,145.8125,23.8125,1.8125,395.75,18,5.8125,249.9375,9,0.9375,3
DEN_05,2005,Denver Broncos,5,2,7.793814433,18,158.6875,24.6875,1,360.375,1,6.0625,201.6875,7,1.4375,3
DEN_06,2006,Denver Broncos,21,8,7.134328358,25,134.5,19.9375,1.875,309.4375,20,4.1875,174.9375,17,1.9375,13
DEN_07,2007,Denver Broncos,11,9,6.777777778,13,122.3125,20,1.8125,346.3125,14,5.625,224,21,2,16
DEN_08,2008,Denver Broncos,2,12,9.597402597,3,116.375,23.125,1.875,395.8125,24,4.8125,279.4375,16,0.75,2
DEN_09,2009,Denver Broncos,15,18,8.602150538,13,114.75,20.375,1.4375,341.4375,7,5.8125,226.6875,20,2.125,18
DEN_10,2010,Denver Broncos,13,26,9.632653061,7,96.5,21.5,1.6875,348.875,16,6.125,252.375,19,2.5,24
DEN_11,2011,Denver Broncos,23,1,8.346534653,31,164.5,19.3125,1.875,316.625,25,6.3125,152.125,25,2.625,24
DEN_12,2012,Denver Broncos,4,16,8.05,5,114.5,30.0625,1.5625,397.875,16,6.25,283.375,2,1.3125,2
DEN_13,2013,Denver Broncos,1,15,8.547008547,1,117.0625,37.875,1.625,457.3125,17,7.3125,340.25,1,1.25,1
DEN_14,2014,Denver Broncos,4,15,8.708333333,4,111.5625,30.125,1.25,402.875,6,7.5,291.3125,2,1.0625,1
DEN_15,2015,Denver Broncos,16,17,9.243478261,14,107.375,22.1875,1.9375,355.5,29,7.1875,248.125,19,2.4375,20
DEN_16,2016,Denver Broncos,27,27,8.277310924,21,92.75,20.8125,1.5625,323.0625,21,7.4375,230.3125,22,2.5,24
DET_00,2000,Detroit Lions,27,20,7.594339623,25,109.1875,19.1875,1.9375,276.375,20,6.625,167.1875,22,3.3125,28
DET_01,2001,Detroit Lions,16,28,9.318965517,6,87.375,16.875,2.375,312.125,27,7.25,224.75,26,4.125,32
DET_02,2002,Detroit Lions,28,29,8.807692308,25,92.3125,19.125,1.9375,279.4375,19,6.5,187.125,26,1.25,1
DET_03,2003,Detroit Lions,32,32,8.028037383,24,83.625,16.875,1.75,266.375,13,6.6875,182.75,26,0.6875,1
DET_04,2004,Detroit Lions,24,19,8.26446281,23,111.0625,18.5,1.25,293.3125,4,7.5625,182.25,24,2.3125,17
DET_05,2005,Detroit Lions,27,26,7.286956522,26,91.9375,15.875,1.875,269.9375,20,7.1875,178,28,1.9375,14
DET_06,2006,Detroit Lions,22,32,8.094827586,7,70.5625,19.0625,2.4375,309.3125,30,7.25,238.75,21,3.9375,31
DET_07,2007,Detroit Lions,19,31,6.76,9,80.5,21.625,2.25,322.875,27,6.25,242.375,16,3.375,30
DET_08,2008,Detroit Lions,30,30,8.284090909,24,83.25,16.75,1.8125,268.25,23,5.5,185,27,3.25,31
DET_09,2009,Detroit Lions,26,24,7.836734694,21,101,16.375,2.5625,299,32,6.125,198,27,2.6875,24
DET_10,2010,Detroit Lions,17,23,7.485294118,12,100.8125,22.625,1.5625,338.9375,12,8.5,238.125,15,1.6875,7
DET_11,2011,Detroit Lions,5,29,8.3984375,4,95.1875,29.625,1.4375,396.0625,11,8,300.875,4,2.25,17
DET_12,2012,Detroit Lions,3,23,9.165048544,2,100.8125,23.25,2.0625,408.75,27,6.4375,307.9375,17,1.8125,9
DET_13,2013,Detroit Lions,6,17,8.409090909,3,112,24.6875,2.125,392.125,30,6.875,280.125,13,1.4375,2
DET_14,2014,Detroit Lions,19,28,8.381355932,12,88.875,20.0625,1.25,340.75,6,7.375,251.875,22,2.8125,22
DET_15,2015,Detroit Lions,20,32,8.942307692,9,83.4375,22.375,1.5,346.6875,17,6.5,263.25,18,2.75,23
DET_16,2016,Detroit Lions,21,30,8.61,11,81.875,21.625,0.9375,338.8125,5,6.25,256.9375,20,2.3125,22
GB_00,2000,Green Bay Packers,15,23,7.784090909,8,102.6875,22.0625,2.0625,332.5625,21,5.5,229.875,11,2.125,13
GB_01,2001,Green Bay Packers,6,21,7.9125,3,105.8125,24.375,1.6875,341.4375,9,5,235.625,5,1.375,4
GB_02,2002,Green Bay Packers,12,12,8.453703704,10,120.8125,24.875,1.75,347.5,14,6.75,226.6875,6,1.6875,9
GB_03,2003,Green Bay Packers,4,3,7.943181818,16,159.875,27.625,2,362.375,25,5.5,202.5,4,1.1875,3
GB_04,2004,Green Bay Packers,3,10,8.189655172,3,119.25,26.5,1.8125,397.3125,18,7.25,278.0625,5,0.875,2
GB_05,2005,Green Bay Packers,18,30,7.714285714,7,84.5,18.625,2.8125,319.875,32,7.4375,235.375,22,1.6875,6
GB_06,2006,Green Bay Packers,9,23,7.655555556,8,103.9375,18.8125,2.0625,341.125,26,5.625,237.1875,22,1.5,5
GB_07,2007,Green Bay Packers,2,21,8.902654867,2,99.8125,27.1875,1.5,370.6875,7,7.0625,270.875,4,1.1875,4
GB_08,2008,Green Bay Packers,8,17,8.945454545,8,112.8125,26.1875,1.3125,351.125,8,6.875,238.3125,5,2.125,19
GB_09,2009,Green Bay Packers,6,14,8.957627119,7,117.8125,28.8125,1,379.0625,1,7.375,261.25,3,3.1875,32
GB_10,2010,Green Bay Packers,9,24,7.91025641,5,100.375,24.25,1.375,358.125,10,4.875,257.75,10,2.375,22
GB_11,2011,Green Bay Packers,3,27,7.776315789,3,97.375,35,0.875,405.125,2,4.75,307.75,1,2.5625,22
GB_12,2012,Green Bay Packers,13,20,8.961165049,9,106.375,27.0625,1,359.4375,2,6.4375,253.0625,5,3.1875,31
GB_13,2013,Green Bay Packers,3,7,9.313953488,6,133.5,26.0625,1.5625,400.25,15,5.375,266.75,8,2.8125,24
GB_14,2014,Green Bay Packers,6,11,8.423913043,8,119.8125,30.375,0.8125,386.125,1,5.75,266.3125,1,1.875,12
GB_15,2015,Green Bay Packers,23,12,8.628571429,25,115.625,23,1.0625,334.5625,4,6.5625,218.9375,15,2.9375,28
GB_16,2016,Green Bay Packers,8,20,8.27,7,106.3125,27,1.0625,368.75,8,6.25,262.4375,4,2.1875,18
HOU_02,2002,Houston Texans,32,31,7.433823529,32,84.1875,13.3125,1.8125,223.25,16,8.5,139.0625,32,4.75,32
HOU_03,2003,Houston Texans,31,23,7.94214876,29,103.1875,15.9375,1.6875,269.125,12,7.5625,165.9375,28,2.25,17
HOU_04,2004,Houston Texans,19,12,8.754716981,18,117.625,19.3125,1.5625,320.5,11,6.625,202.875,21,3.0625,26
HOU_05,2005,Houston Texans,30,15,8.056603774,30,113.5,16.25,1.5,253.3125,10,6.625,139.8125,26,4.25,32
HOU_06,2006,Houston Texans,28,21,8.455555556,27,105.3125,16.6875,1.5625,278.9375,11,5.625,173.625,28,2.6875,24
HOU_07,2007,Houston Texans,14,22,7.756097561,11,99.125,23.6875,2.375,333.5625,31,5.125,234.4375,12,1.375,6
HOU_08,2008,Houston Texans,3,13,8.3,4,115.375,22.875,2,382.0625,30,5,266.6875,17,2,17
HOU_09,2009,Houston Texans,4,30,8.768421053,1,92.1875,24.25,1.75,383.0625,16,5.9375,290.875,10,1.5625,5
HOU_10,2010,Houston Texans,3,7,7.666666667,4,127.625,24.375,1.125,386.625,4,5.625,259,9,2,13
HOU_11,2011,Houston Texans,13,2,8.606060606,18,153,23.8125,1.25,372.125,6,6.1875,219.125,10,2.0625,13
HOU_12,2012,Houston Texans,7,8,8.083333333,11,132.6875,26,1.0625,372.0625,6,6.75,239.375,8,1.75,8
HOU_13,2013,Houston Texans,11,20,10.16071429,15,108.9375,17.25,1.9375,347.25,26,7,238.3125,31,2.625,16
HOU_14,2014,Houston Texans,17,5,8.872340426,24,135.0625,23.25,1.375,344.5625,11,5.875,209.5,14,1.625,5
HOU_15,2015,Houston Texans,19,15,8.504672897,18,108.1875,21.1875,1.25,347.75,11,6.6875,239.5625,21,2.25,16
HOU_16,2016,Houston Texans,29,8,9.977011494,29,116.1875,17.4375,1.5,314.6875,19,5.4375,198.5,28,2,12
IND_00,2000,Indianapolis Colts,3,16,9.730337079,2,116.1875,26.8125,1.8125,383.8125,15,5.5625,267.625,4,1.25,3
IND_01,2001,Indianapolis Colts,2,7,9.605263158,2,122.875,25.8125,2.375,372.1875,27,4.75,249.3125,2,1.875,11
IND_02,2002,Indianapolis Colts,9,26,8.021978022,4,97.5625,21.8125,2,351,22,5.6875,253.4375,17,1.4375,4
IND_03,2003,Indianapolis Colts,3,19,7.195652174,1,105.9375,27.9375,1.25,367.125,2,5.75,261.1875,2,1.1875,3
IND_04,2004,Indianapolis Colts,2,15,7.556603774,1,115.75,32.625,1.0625,404.6875,2,6.625,288.9375,1,0.875,2
IND_05,2005,Indianapolis Colts,3,16,7.340425532,3,106.4375,27.4375,1.1875,362.4375,4,5.875,256,2,1.25,1
IND_06,2006,Indianapolis Colts,3,18,8.348837209,2,110.125,26.6875,1.1875,379.375,4,5.375,269.25,2,0.9375,1
IND_07,2007,Indianapolis Colts,5,18,7.686567164,6,106.625,28.125,1.1875,358.6875,2,4.1875,252.0625,3,1.4375,7
IND_08,2008,Indianapolis Colts,15,31,7.197674419,5,79.625,23.5625,1.0625,335.5,3,5.375,255.875,13,0.875,4
IND_09,2009,Indianapolis Colts,9,32,7.378378378,2,80.875,26,1.5,363.0625,10,4.625,282.1875,7,0.8125,1
IND_10,2010,Indianapolis Colts,4,29,8.974683544,1,92.6875,27.1875,1.5625,380.75,12,4.9375,288.0625,4,1,2
IND_11,2011,Indianapolis Colts,30,26,7.223684211,27,99.625,15.1875,1.8125,286.8125,23,4.75,187.1875,28,2.1875,16
IND_12,2012,Indianapolis Colts,10,22,8.521276596,7,104.4375,22.3125,1.6875,362.4375,23,5.875,258,18,2.5625,24
IND_13,2013,Indianapolis Colts,15,20,8.727272727,17,108.9375,24.4375,0.875,341.75,1,4.125,232.8125,14,2,6
IND_14,2014,Indianapolis Colts,3,22,8.076190476,1,100.75,28.625,1.9375,406.625,29,6.5625,305.875,6,1.8125,8
IND_15,2015,Indianapolis Colts,28,29,8.62037037,22,89.875,20.8125,1.875,321.375,26,6.75,231.5,24,2.3125,18
IND_16,2016,Indianapolis Colts,10,23,8.572815534,5,101.75,25.6875,1.375,364.375,16,6.4375,262.625,8,2.75,28
JAC_00,2000,Jacksonville Jaguars,7,10,7.4,9,127,22.9375,1.8125,355.625,15,5.9375,228.625,8,3.375,29
JAC_01,2001,Jacksonville Jaguars,20,26,7.319587629,18,100,18.375,1.6875,302.5,9,6.0625,202.5,21,3.9375,30
JAC_02,2002,Jacksonville Jaguars,25,10,7.696629213,28,130.5625,20.5,0.9375,303.1875,1,5.5625,172.625,21,2.625,24
JAC_03,2003,Jacksonville Jaguars,12,8,8.287037037,15,129.5625,17.25,1.9375,334.875,20,6.75,205.3125,25,1.75,10
JAC_04,2004,Jacksonville Jaguars,21,16,8.623853211,19,115.625,16.3125,1.375,313.0625,7,6.8125,197.4375,29,2,10
JAC_05,2005,Jacksonville Jaguars,15,10,8.314049587,19,122.4375,22.5625,1.0625,321.8125,2,7.5625,199.375,12,2,17
JAC_06,2006,Jacksonville Jaguars,10,3,8.350515464,24,158.8125,23.1875,1.4375,338.9375,6,6.0625,180.125,9,1.875,12
JAC_07,2007,Jacksonville Jaguars,7,2,7.815789474,17,149.4375,25.6875,1.3125,357.4375,4,4.75,208,6,1.9375,15
JAC_08,2008,Jacksonville Jaguars,20,18,7.817307692,15,110.875,18.875,1.5,319.125,13,6.5,208.25,24,2.625,25
JAC_09,2009,Jacksonville Jaguars,18,10,7.742857143,19,126.8125,18.125,1.4375,336.5625,7,4.375,209.75,24,2.75,26
JAC_10,2010,Jacksonville Jaguars,15,3,8.13253012,27,149.6875,22.0625,2.0625,341.25,26,5.1875,191.5625,18,2.375,22
JAC_11,2011,Jacksonville Jaguars,32,12,8.831168831,32,123.125,15.1875,1.4375,259.3125,11,4.8125,136.1875,28,2.75,26
JAC_12,2012,Jacksonville Jaguars,29,30,9.455445545,21,85.5625,15.9375,1.625,299.25,17,6.3125,213.6875,30,3.125,30
JAC_13,2013,Jacksonville Jaguars,31,31,8.302083333,22,78.75,15.4375,1.6875,293.8125,19,6,215.0625,32,3.125,31
JAC_14,2014,Jacksonville Jaguars,31,21,7.849315068,31,102.0625,15.5625,1.625,289.625,21,4.5625,187.5625,32,4.4375,32
JAC_15,2015,Jacksonville Jaguars,18,27,8.380952381,10,92.0625,23.5,1.75,348.8125,22,6.5625,256.75,14,3.1875,29
JAC_16,2016,Jacksonville Jaguars,23,22,9.201550388,20,101.9375,19.875,1.8125,334.9375,27,8.0625,233,25,2.125,15
KC_00,2000,Kansas City Chiefs,8,25,7.186440678,5,91.5625,22.1875,1.625,350.875,9,7.375,259.3125,9,2.125,13
KC_01,2001,Kansas City Chiefs,5,6,8.852941176,5,125.5,20,2.0625,354.5625,19,4.25,229.0625,16,2.4375,17
KC_02,2002,Kansas City Chiefs,4,3,9.333333333,11,148.625,29.1875,0.9375,375,1,4.6875,226.375,1,1.625,8
KC_03,2003,Kansas City Chiefs,2,15,8.835443038,2,120.5625,30.25,1.125,369.375,1,4.9375,248.8125,1,1.3125,4
KC_04,2004,Kansas City Chiefs,1,5,8.230769231,4,143.0625,30.1875,1.6875,418.4375,14,7.3125,275.375,2,2,10
KC_05,2005,Kansas City Chiefs,1,4,7.739130435,6,148.875,25.1875,1.4375,387,6,7.1875,238.125,6,2,17
KC_06,2006,Kansas City Chiefs,16,9,7.592105263,22,133.9375,20.6875,1.625,321.4375,14,4.75,187.5,15,2.5625,22
KC_07,2007,Kansas City Chiefs,31,32,6.900990099,20,78,14.125,2.0625,276.8125,22,6.3125,198.8125,31,3.4375,32
KC_08,2008,Kansas City Chiefs,24,16,8.269230769,20,113.125,18.1875,1.5,308.6875,13,4.875,195.5625,26,2.3125,21
KC_09,2009,Kansas City Chiefs,25,11,7.94047619,25,120.5625,18.375,1.6875,303.1875,15,5.25,182.625,23,2.8125,27
KC_10,2010,Kansas City Chiefs,12,1,8.566666667,30,164.1875,22.875,0.875,349.6875,2,5.625,185.5,14,2,13
KC_11,2011,Kansas City Chiefs,27,15,8.327272727,25,118.3125,13.25,1.75,310.8125,20,6.875,192.5,31,2.125,14
KC_12,2012,Kansas City Chiefs,24,5,7.967391304,32,149.6875,13.1875,2.3125,319.25,30,5.75,169.5625,32,2.5,22
KC_13,2013,Kansas City Chiefs,21,10,7.663366337,24,128.5,26.875,1.125,337.25,2,6.3125,208.75,6,2.5625,15
KC_14,2014,Kansas City Chiefs,25,10,7.738636364,29,119.875,22.0625,1.0625,318.75,4,5.5,198.875,16,3.0625,26
KC_15,2015,Kansas City Chiefs,27,6,8.442307692,30,127.75,25.3125,0.9375,331.1875,2,6.5,203.4375,9,2.875,27
KC_16,2016,Kansas City Chiefs,20,15,7.779816514,19,109.25,24.3125,1.0625,343,8,6.8125,233.75,13,2,12
MIA_00,2000,Miami Dolphins,26,14,8,27,118.375,20.1875,1.625,278.8125,9,7.1875,160.4375,16,1.75,8
MIA_01,2001,Miami Dolphins,21,23,8.542056075,19,104,21.5,2.375,301.3125,27,6.6875,197.3125,8,1.6875,8
MIA_02,2002,Miami Dolphins,15,2,8.339805825,26,156.375,23.625,1.875,337,17,6.4375,180.625,12,1.5625,7
MIA_03,2003,Miami Dolphins,24,17,8.86407767,26,113.5625,19.4375,2.125,288.0625,27,6.4375,174.5,17,1.9375,13
MIA_04,2004,Miami Dolphins,29,31,7.607142857,21,83.6875,17.1875,2.625,275.25,32,7,191.5625,28,3.25,31
MIA_05,2005,Miami Dolphins,14,12,7.992424242,16,118.625,19.875,1.875,324.875,20,8.25,206.25,16,1.625,4
MIA_06,2006,Miami Dolphins,20,22,8.766666667,13,104.5625,16.25,1.5625,310,11,5.625,205.4375,29,2.5625,22
MIA_07,2007,Miami Dolphins,28,23,8.043956044,24,98.0625,16.6875,1.8125,287.5,14,5.6875,189.4375,26,2.625,23
MIA_08,2008,Miami Dolphins,12,11,8.259259259,10,118.5625,21.5625,0.8125,345.5625,1,5.0625,227,21,1.625,10
MIA_09,2009,Miami Dolphins,17,4,8.205128205,20,139.4375,22.5,1.8125,337.5625,19,4.875,198.125,15,2.125,18
MIA_10,2010,Miami Dolphins,21,21,8.263888889,16,102.6875,17.0625,1.9375,323.125,21,4.5,220.4375,30,2.375,22
MIA_11,2011,Miami Dolphins,22,11,9.164705882,23,124.1875,20.5625,1.5625,317.375,18,5.3125,193.1875,20,3.25,30
MIA_12,2012,Miami Dolphins,27,17,8.829268293,26,112.625,18,1.625,311.5,17,5.125,198.875,27,2.3125,19
MIA_13,2013,Miami Dolphins,27,26,8.542857143,20,90,19.8125,1.625,312.9375,17,4.375,222.9375,26,3.625,32
MIA_14,2014,Miami Dolphins,14,12,7.839506173,17,117,24.25,1.4375,350.0625,13,5.0625,233.0625,11,2.875,23
MIA_15,2015,Miami Dolphins,26,23,8.134328358,19,93.5,19.375,1.1875,331.6875,8,8.375,238.1875,27,2.8125,25
MIA_16,2016,Miami Dolphins,24,9,9.136,26,114,22.6875,1.4375,332.75,17,7.8125,218.75,17,1.875,10
MIN_00,2000,Minnesota Vikings,5,6,8.566037736,7,133.0625,24.8125,1.75,372.5625,13,6.625,239.5,5,2.1875,16
MIN_01,2001,Minnesota Vikings,12,25,7.669724771,7,100.5625,18.125,2.4375,324.0625,30,6.8125,223.5,24,2.9375,26
MIN_02,2002,Minnesota Vikings,2,1,8.313868613,9,156.6875,24.375,2.5625,387,31,8.5625,230.3125,8,3.0625,29
MIN_03,2003,Minnesota Vikings,1,4,8.102362205,4,146.4375,26,1.5,393.375,7,7.9375,246.9375,6,2.625,23
MIN_04,2004,Minnesota Vikings,4,18,7.555555556,2,113.9375,25.3125,1.3125,396.1875,5,7.3125,282.25,6,2.875,25
MIN_05,2005,Minnesota Vikings,25,27,7.9140625,20,91.6875,19.125,1.875,288.3125,20,8,196.625,19,3.375,31
MIN_06,2006,Minnesota Vikings,23,16,7.341463415,18,113.75,17.625,2,308.9375,23,7.6875,195.1875,26,2.6875,24
MIN_07,2007,Minnesota Vikings,13,1,7.697674419,28,164.625,22.8125,1.875,336.1875,19,5.375,171.5625,15,2.375,20
MIN_08,2008,Minnesota Vikings,17,5,7.688888889,25,145.75,23.6875,1.9375,330.5,27,5.625,184.75,12,2.6875,26
MIN_09,2009,Minnesota Vikings,5,13,7.495049505,8,119.875,29.375,1.125,379.625,3,6.3125,259.75,2,2.125,18
MIN_10,2010,Minnesota Vikings,23,10,7.69,26,121.375,17.5625,2.3125,314.9375,29,6.25,193.5625,29,2.25,18
MIN_11,2011,Minnesota Vikings,18,4,8.330275229,28,144.875,21.25,1.625,329.6875,19,6.8125,184.8125,19,3.0625,28
MIN_12,2012,Minnesota Vikings,20,2,9.222222222,31,164.625,23.6875,1.4375,336.5625,12,5.625,171.9375,14,2,11
MIN_13,2013,Minnesota Vikings,13,8,9.928571429,23,130.0625,24.4375,2,344.25,29,4.375,214.1875,14,2.75,23
MIN_14,2014,Minnesota Vikings,27,14,8.36,28,112.75,20.3125,1.25,315.5,6,6.25,202.75,20,3.1875,28
MIN_15,2015,Minnesota Vikings,29,4,9.056818182,31,138.1875,22.8125,1.0625,321.1875,4,5.5,183,16,2.8125,25
MIN_16,2016,Minnesota Vikings,28,32,8.563106796,18,75.3125,20.4375,1,315.0625,7,6.4375,239.75,23,2.375,23
NE_00,2000,New England Patriots,22,26,8.232323232,19,86.875,17.25,1.5625,285.6875,7,6.1875,198.8125,25,3,25
NE_01,2001,New England Patriots,19,13,8.717391304,22,112.0625,23.1875,1.75,305.125,13,5.75,193.0625,6,2.875,24
NE_02,2002,New England Patriots,21,28,8.287037037,12,94.25,23.8125,1.5,317.8125,7,6.75,223.5625,10,1.9375,10
NE_03,2003,New England Patriots,17,27,8.990990991,9,100.4375,21.75,1.5,314.9375,7,6.9375,214.5,12,2,14
NE_04,2004,New England Patriots,7,7,8.138613861,11,133.375,27.3125,1.6875,357.625,14,6.3125,224.25,4,1.625,5
NE_05,2005,New England Patriots,7,24,8.372727273,2,94.5,23.6875,1.5,352,10,6.875,257.5,10,1.75,9
NE_06,2006,New England Patriots,11,12,9.591836735,12,123.0625,24.0625,1.6875,335.5625,16,6.125,212.5,7,1.8125,11
NE_07,2007,New England Patriots,1,13,8.846153846,1,115.5625,36.8125,0.9375,411.25,1,4.875,295.6875,1,1.3125,5
NE_08,2008,New England Patriots,5,6,8.789473684,12,142.375,25.625,1.3125,365.4375,8,3.5625,223.0625,8,3,28
NE_09,2009,New England Patriots,3,12,9.172839506,3,120.0625,26.6875,1.375,397.3125,5,5.0625,277.25,6,1.125,3
NE_10,2010,New England Patriots,8,9,9.228915663,11,123.3125,32.375,0.625,363.75,1,5.1875,240.4375,1,1.5625,4
NE_11,2011,New England Patriots,2,20,9.367816092,2,110.25,32.0625,1.0625,428,3,5.4375,317.75,3,2,11
NE_12,2012,New England Patriots,1,7,8.659793814,4,136.5,34.8125,1,427.875,2,6.0625,291.375,1,1.6875,6
NE_13,2013,New England Patriots,7,9,9.057971014,10,129.0625,27.75,1.25,384.5,8,4.3125,255.4375,3,2.5,13
NE_14,2014,New England Patriots,11,18,9,9,107.9375,29.25,0.8125,365.5,1,7.5,257.5625,4,1.625,5
NE_15,2015,New England Patriots,6,30,8.958333333,5,87.75,29.0625,0.875,374.4375,1,6,286.6875,3,2.375,19
NE_16,2016,New England Patriots,4,7,8.806451613,4,117,27.5625,0.6875,386.25,1,5.8125,269.25,3,1.5,5
NO_00,2000,New Orleans Saints,10,8,8.258064516,14,129.25,22.125,1.625,337.3125,9,7.75,208.0625,10,2.4375,18
NO_01,2001,New Orleans Saints,10,18,8.613445378,10,107,20.8125,2.1875,326.625,23,7.4375,219.625,13,3.125,28
NO_02,2002,New Orleans Saints,19,17,7.655462185,16,110.25,27,1.875,325.3125,17,7.4375,215.0625,3,2.3125,19
NO_03,2003,New Orleans Saints,11,11,8.524271845,8,125,21.25,1.75,339.875,13,6.4375,214.875,14,2.25,17
NO_04,2004,New Orleans Saints,15,27,8.84496124,12,100.375,21.75,1.625,324.5625,12,8.0625,224.1875,14,2.5625,22
NO_05,2005,New Orleans Saints,20,18,8.37037037,14,105.5,14.6875,2.6875,314.4375,31,8.4375,208.9375,31,2.5625,20
NO_06,2006,New Orleans Saints,1,19,7.556962025,1,110.0625,25.8125,1.4375,391.5,6,4.9375,281.4375,5,1.4375,4
NO_07,2007,New Orleans Saints,4,28,8.544117647,3,91.625,23.6875,1.875,361.25,19,4.25,269.625,12,1,1
NO_08,2008,New Orleans Saints,1,28,9.26744186,1,99.625,28.9375,1.625,410.6875,16,5.375,311.0625,1,0.8125,3
NO_09,2009,New Orleans Saints,1,6,8.842696629,4,131.625,31.875,1.75,403.8125,16,5.5625,272.1875,1,1.25,4
NO_10,2010,New Orleans Saints,6,28,9.822222222,3,94.9375,24,1.9375,372.5,21,5.625,277.5625,11,1.625,5
NO_11,2011,New Orleans Saints,1,6,8.595959596,1,132.9375,34.1875,1.1875,467.125,4,6.1875,334.1875,2,1.5,3
NO_12,2012,New Orleans Saints,2,25,8.759615385,1,98.5625,28.8125,1.5,410.875,14,6.5,312.3125,3,1.625,4
NO_13,2013,New Orleans Saints,4,25,8.6,2,92.0625,25.875,1.1875,399.4375,4,5.9375,307.375,10,2.3125,10
NO_14,2014,New Orleans Saints,1,13,8.375,3,113.625,25.0625,1.875,411.375,28,5,297.75,9,1.875,12
NO_15,2015,New Orleans Saints,2,24,8.553846154,1,93.1875,25.5,1.25,403.8125,11,8.125,310.625,8,2,10
NO_16,2016,New Orleans Saints,1,16,9.056074766,1,108.875,29.3125,1.5,426,19,6.6875,317.125,2,1.6875,6
NYG_00,2000,New York Giants,13,11,9.21978022,13,125.5625,20.5,1.5,336,5,5.6875,210.4375,15,1.75,8
NYG_01,2001,New York Giants,9,15,9.329896907,8,111.0625,18.375,1.8125,333.4375,17,6.0625,222.375,21,2.25,15
NYG_02,2002,New York Giants,6,14,8.451327434,6,117.1875,20,1.6875,364.125,11,7.0625,246.9375,22,1.5,6
NYG_03,2003,New York Giants,20,28,8.582677165,11,97.4375,15.1875,2.375,308.875,30,7.9375,211.4375,30,2.75,31
NYG_04,2004,New York Giants,23,11,8.279661017,26,119,18.9375,1.5,295.125,10,7.375,176.125,22,3.25,31
NYG_05,2005,New York Giants,4,6,7.797202797,11,138.0625,26.375,1.5625,361.6875,12,8.9375,223.625,3,1.75,9
NYG_06,2006,New York Giants,14,7,8.722772277,19,134.75,22.1875,1.75,325.875,18,6.3125,191.125,11,1.5625,7
NYG_07,2007,New York Giants,16,4,8.467532468,21,134.25,23.3125,2.125,331.375,23,4.8125,197.125,14,1.75,12
NYG_08,2008,New York Giants,7,1,8.049019608,18,157.375,26.6875,0.8125,355.9375,1,6.375,198.5625,3,1.75,12
NYG_09,2009,New York Giants,8,17,8.442105263,11,114.8125,25.125,1.9375,366,22,5.9375,251.1875,8,2,12
NYG_10,2010,New York Giants,5,6,8.445652174,10,137.5,24.625,2.625,380.3125,32,5.75,242.8125,7,1,2
NYG_11,2011,New York Giants,8,32,8.457446809,5,89.1875,24.625,1.5,385.0625,16,5.875,295.875,9,1.75,7
NYG_12,2012,New York Giants,14,14,8.027777778,12,116.375,26.8125,1.3125,355.4375,9,4.5,239.0625,6,1.25,1
NYG_13,2013,New York Giants,28,29,8.637362637,19,83.25,18.375,2.75,307.5,32,5.6875,224.25,28,2.5,13
NYG_14,2014,New York Giants,10,23,8.871287129,7,100.1875,23.75,1.75,367.1875,25,6.3125,267,13,1.875,12
NYG_15,2015,New York Giants,8,18,7.617647059,7,100.5625,26.25,1.3125,372.25,13,6.375,271.6875,6,1.6875,7
NYG_16,2016,New York Giants,25,29,9.738636364,17,88.25,19.375,1.6875,330.6875,24,5.5,242.4375,26,1.375,3
NYJ_00,2000,New York Jets,12,24,8.236842105,6,91.9375,20.0625,2.5,337.1875,29,4.75,245.25,17,1.25,3
NYJ_01,2001,New York Jets,24,4,8.177419355,29,128.375,19.25,1.3125,299.6875,2,3.875,171.3125,17,1.1875,3
NYJ_02,2002,New York Jets,22,22,8.670886076,17,101.125,22.4375,1.1875,314.75,4,4.9375,213.625,15,2,11
NYJ_03,2003,New York Jets,19,25,7.971014493,13,102.1875,17.6875,1.25,309.4375,2,4.3125,207.25,23,1.9375,13
NYJ_04,2004,New York Jets,12,3,7.615384615,22,149.25,20.8125,1,339.875,1,5.6875,190.625,17,1.9375,8
NYJ_05,2005,New York Jets,31,31,8.173469388,28,83,15,2.125,248.125,25,6.125,165.125,29,3.3125,30
NYJ_06,2006,New York Jets,25,20,8,17,108.625,19.75,1.5625,305.6875,11,4.375,197.0625,18,2.125,16
NYJ_07,2007,New York Jets,26,19,7.714285714,25,106.3125,16.75,1.5625,294.6875,12,3.9375,188.375,25,3.3125,29
NYJ_08,2008,New York Jets,16,9,7.38961039,16,125.25,25.3125,1.9375,331.6875,27,4.8125,206.4375,9,1.875,14
NYJ_09,2009,New York Jets,20,1,7.693181818,31,172.25,21.75,1.875,321,20,5.5,148.75,17,1.875,11
NYJ_10,2010,New York Jets,11,4,9.067961165,22,148.375,22.9375,1.3125,351,8,6.4375,202.625,13,1.75,9
NYJ_11,2011,New York Jets,25,22,8.323529412,21,105.75,23.5625,2.125,311.8125,29,6.375,206.0625,13,2.5,20
NYJ_12,2012,New York Jets,30,12,8.530120482,30,118.5,17.5625,2.3125,299.1875,30,5.1875,180.6875,28,2.9375,27
NYJ_13,2013,New York Jets,25,6,7.75,31,134.875,18.125,1.8125,318.125,22,6.75,183.25,29,2.9375,27
NYJ_14,2014,New York Jets,22,3,8.550458716,32,142.5,17.6875,1.5,326.625,19,6.8125,184.125,28,2.9375,25
NYJ_15,2015,New York Jets,10,10,8.197916667,13,116.75,24.1875,1.5,370.3125,17,6,253.5625,11,1.375,2
NYJ_16,2016,New York Jets,26,12,9,27,112.625,17.1875,2.125,329.25,31,5.8125,216.625,30,2.1875,18
OAK_00,2000,Oakland Raiders,6,1,7.966101695,15,154.375,29.9375,1.25,361,2,7.375,206.625,3,1.75,8
OAK_01,2001,Oakland Raiders,7,24,8.38317757,4,103.375,24.9375,1.5625,335.0625,8,6.6875,231.6875,4,1.6875,8
OAK_02,2002,Oakland Raiders,1,18,8.480620155,1,110.125,28.125,1.1875,389.8125,4,8.0625,279.6875,2,2.25,17
OAK_03,2003,Oakland Raiders,25,16,8.358208955,27,113.875,16.875,1.625,285.8125,11,8.375,171.9375,26,2.6875,29
OAK_04,2004,Oakland Raiders,17,32,7.559701493,8,80.9375,20,2.1875,322.0625,25,8.375,241.125,18,1.875,6
OAK_05,2005,Oakland Raiders,21,29,7.700680272,10,85.5625,18.125,1.4375,309.4375,6,9.1875,223.875,23,2.8125,25
OAK_06,2006,Oakland Raiders,32,29,7.630630631,31,94.9375,10.5,2.875,246.1875,32,6.9375,151.25,32,4.5,32
OAK_07,2007,Oakland Raiders,25,6,7.2,31,130.375,17.6875,2.3125,294.8125,29,7.5,164.4375,23,2.5625,22
OAK_08,2008,Oakland Raiders,29,10,7.550458716,32,124.1875,16.4375,1.4375,272.25,12,6.8125,148.0625,29,2.4375,24
OAK_09,2009,Oakland Raiders,31,21,7.863247863,29,106.3125,12.3125,2.0625,266.125,27,7.3125,159.8125,31,3.0625,30
OAK_10,2010,Oakland Raiders,10,2,8.621621622,23,155.875,25.625,1.625,354.625,15,9.25,198.75,6,2.75,27
OAK_11,2011,Oakland Raiders,9,7,8.331288344,11,131.875,22.4375,1.875,379.5,25,10.1875,247.625,16,1.5625,5
OAK_12,2012,Oakland Raiders,18,28,8.694444444,8,88.75,18.125,1.625,344,17,6.75,255.25,26,1.6875,6
OAK_13,2013,Oakland Raiders,23,12,7.862068966,24,125,20.125,1.9375,333.75,26,7.25,208.75,24,2.75,23
OAK_14,2014,Oakland Raiders,32,32,8.094827586,26,77.5,15.8125,1.8125,282.1875,26,7.25,204.6875,31,1.75,7
OAK_15,2015,Oakland Raiders,24,28,7.928057554,16,91.0625,22.4375,1.5,333.5,17,8.6875,242.4375,17,2.0625,15
OAK_16,2016,Oakland Raiders,6,6,8.482993197,13,120.125,26,0.875,373.3125,4,9.1875,253.1875,7,1.125,1
PHI_00,2000,Philadelphia Eagles,17,15,8.672566372,20,117.625,21.9375,1.8125,312.875,15,7.0625,195.25,12,2.8125,23
PHI_01,2001,Philadelphia Eagles,17,14,7.68,20,111.125,21.4375,1.5,307.6875,6,6.25,196.5625,9,2.5,20
PHI_02,2002,Philadelphia Eagles,10,7,8.081081081,19,138.75,25.9375,1.5,350.25,7,6.9375,211.5,4,2.25,17
PHI_03,2003,Philadelphia Eagles,18,9,8.510416667,20,125.9375,23.375,1.375,314.6875,5,6,188.75,11,2.6875,29
PHI_04,2004,Philadelphia Eagles,9,24,7.677419355,7,102.4375,24.125,1.375,351.125,7,7.75,248.6875,8,2.3125,17
PHI_05,2005,Philadelphia Eagles,19,28,8.432835821,8,89.5,19.375,2.125,319.3125,25,8.375,229.8125,18,2.625,22
PHI_06,2006,Philadelphia Eagles,2,11,8.776785714,3,124,24.875,1.5,381.4375,9,7,257.4375,6,1.75,9
PHI_07,2007,Philadelphia Eagles,6,8,7.819277108,10,123.375,21,1.6875,358.0625,13,5.1875,234.6875,17,3.0625,28
PHI_08,2008,Philadelphia Eagles,9,22,8.581081081,6,106.0625,26,1.625,350.5,16,4.625,244.4375,6,1.4375,7
PHI_09,2009,Philadelphia Eagles,11,22,8.269565217,10,102.3125,26.8125,1.4375,357.875,7,7.1875,255.5625,5,2.375,21
PHI_10,2010,Philadelphia Eagles,2,5,8.534883721,9,145.25,27.4375,1.5625,389.375,12,8.0625,244.125,3,3.0625,29
PHI_11,2011,Philadelphia Eagles,4,5,7.971962617,9,142.25,24.75,2.375,399.125,31,6.6875,256.875,8,2,11
PHI_12,2012,Philadelphia Eagles,15,13,8.295918367,13,117.125,17.5,2.3125,354.0625,30,6.125,236.9375,29,3,28
PHI_13,2013,Philadelphia Eagles,2,1,8.905263158,9,160.375,27.625,1.1875,417.25,4,5.9375,256.875,4,2.875,25
PHI_14,2014,Philadelphia Eagles,5,9,8.652173913,6,124.5,29.625,2.25,396.75,32,7.1875,272.25,3,2,15
PHI_15,2015,Philadelphia Eagles,12,14,7.875,12,108.9375,23.5625,1.9375,364.375,29,6.5,255.4375,13,2.3125,18
PHI_16,2016,Philadelphia Eagles,22,11,8.362831858,24,113.3125,22.9375,1.25,337.375,14,7.0625,224.0625,16,2.0625,14
PIT_00,2000,Pittsburgh Steelers,18,4,8.234567901,29,140.5,20.0625,1.3125,297.875,3,5.0625,157.375,17,2.6875,21
PIT_01,2001,Pittsburgh Steelers,3,1,8.569767442,21,173.375,22,1.3125,367.9375,2,5.375,194.5625,7,1.9375,12
PIT_02,2002,Pittsburgh Steelers,5,9,7.911111111,7,132.5,24.375,2.25,372,28,5.625,239.5,8,2.125,13
PIT_03,2003,Pittsburgh Steelers,22,31,9.054054054,14,93,18.75,1.75,299.5,13,6.9375,206.5,19,2.625,23
PIT_04,2004,Pittsburgh Steelers,16,2,8.434343434,28,154,23.25,1.3125,324,5,6.1875,170,11,2.25,15
PIT_05,2005,Pittsburgh Steelers,15,5,8.848484848,24,138.9375,24.3125,1.4375,321.8125,6,6.1875,182.875,9,2,17
PIT_06,2006,Pittsburgh Steelers,7,10,8.855072464,9,124.5,22.0625,2.3125,357.8125,29,4.3125,233.3125,12,3.0625,29
PIT_07,2007,Pittsburgh Steelers,17,3,8.1375,22,135.5,24.5625,1.375,327.4375,6,5,191.9375,9,2.9375,26
PIT_08,2008,Pittsburgh Steelers,22,23,8.547368421,17,105.625,21.6875,1.5625,311.9375,15,5.9375,206.3125,20,3.0625,29
PIT_09,2009,Pittsburgh Steelers,7,19,9.047058824,9,112.0625,23,1.5625,371.3125,12,5.3125,259.25,12,3.125,31
PIT_10,2010,Pittsburgh Steelers,14,11,9.03,14,120.25,23.4375,1.125,345.3125,4,6.25,225.0625,12,2.6875,25
PIT_11,2011,Pittsburgh Steelers,12,14,8.455445545,10,118.9375,20.3125,1.75,372.3125,20,6.3125,253.375,21,2.625,24
PIT_12,2012,Pittsburgh Steelers,21,26,10.19565217,14,96.0625,21,1.875,332.75,26,5.75,236.6875,22,2.3125,19
PIT_13,2013,Pittsburgh Steelers,20,27,8.4625,12,86.4375,23.6875,1.5,337.5,14,5,251.0625,16,2.6875,19
PIT_14,2014,Pittsburgh Steelers,2,16,8.097087379,2,109.5,27.25,1.3125,411.0625,10,6.4375,301.5625,7,2.0625,16
PIT_15,2015,Pittsburgh Steelers,3,16,9.234042553,3,107.75,26.4375,1.75,395.4375,22,5.875,287.6875,4,2.0625,15
PIT_16,2016,Pittsburgh Steelers,7,14,9.535714286,5,110,24.9375,1.125,372.625,11,7,262.625,10,1.3125,2
SD_00,2000,San Diego Chargers,28,31,8.561983471,18,66.375,16.8125,3.125,268.75,31,7.5625,202.375,26,3.3125,28
SD_01,2001,San Diego Chargers,11,20,8.010309278,11,105.9375,20.75,1.8125,325,17,6.0625,219.0625,14,1.6875,8
SD_02,2002,San Diego Chargers,16,8,8.05,22,133.5625,20.8125,1.5,332.8125,7,6.25,199.25,20,1.5,6
SD_03,2003,San Diego Chargers,14,6,8.063492063,19,134.125,19.5625,1.9375,322.9375,20,7.875,188.8125,16,1.8125,11
SD_04,2004,San Diego Chargers,10,6,8.101851852,16,136.5625,27.875,1.125,346.375,3,6.75,209.8125,3,1.25,4
SD_05,2005,San Diego Chargers,10,9,8.090909091,12,129.5,26.125,1.75,347.9375,17,6.875,218.4375,5,1.9375,14
SD_06,2006,San Diego Chargers,4,2,8.788888889,16,161.125,30.75,0.9375,365,1,5.625,203.875,1,1.75,9
SD_07,2007,San Diego Chargers,20,7,8.095744681,26,127.4375,25.75,1.5,315.25,7,5.875,187.8125,5,1.5,9
SD_08,2008,San Diego Chargers,11,20,7.873684211,7,107.875,27.4375,1.25,349,7,5.9375,241.125,2,1.5625,9
SD_09,2009,San Diego Chargers,10,31,7.307692308,5,88.9375,28.375,1.0625,360.0625,2,4.875,271.125,4,1.625,7
SD_10,2010,San Diego Chargers,1,15,8.05952381,2,113.125,27.5625,1.8125,395.5625,17,5.25,282.4375,2,2.375,22
SD_11,2011,San Diego Chargers,6,16,8.274725275,6,116.5,25.375,1.75,393.125,20,5.6875,276.625,5,1.875,8
SD_12,2012,San Diego Chargers,31,27,7.72815534,24,91.3125,21.875,1.625,297.25,17,6.4375,205.9375,20,3.0625,29
SD_13,2013,San Diego Chargers,5,13,8.052631579,4,122.8125,24.75,1.3125,393.3125,10,5.9375,270.5,12,1.875,5
SD_14,2014,San Diego Chargers,18,30,8.711711712,10,85.4375,21.75,1.4375,341.5625,13,6.9375,256.125,17,2.3125,17
SD_15,2015,San Diego Chargers,9,31,8.051282051,4,84.875,20,1.5,371.8125,17,7.3125,286.9375,26,2.5,21
SD_16,2016,San Diego Chargers,14,26,7.289719626,8,94.375,25.625,2.1875,356.75,32,6.6875,262.375,9,2.25,20
SEA_00,2000,Seattle Seahawks,19,22,8.179775281,21,107.5,20,2.375,292.5,27,5.5625,185,19,2.875,24
SEA_01,2001,Seattle Seahawks,25,9,8.772727273,27,121,18.8125,1.3125,298.25,2,4.125,177.25,19,3.0625,27
SEA_02,2002,Seattle Seahawks,7,20,7.92,3,108.75,22.1875,1.75,363.625,14,6.25,254.875,16,2.0625,12
SEA_03,2003,Seattle Seahawks,6,10,8.538461538,7,125.5625,25.25,1.8125,351.6875,17,5.6875,226.125,7,2.6875,29
SEA_04,2004,Seattle Seahawks,8,8,8.46835443,13,130.9375,23.1875,1.6875,352.125,14,4.9375,221.1875,12,2.125,12
SEA_05,2005,Seattle Seahawks,2,3,9,13,153.5625,28.25,1.0625,369.6875,2,5.875,216.125,1,1.6875,6
SEA_06,2006,Seattle Seahawks,19,14,7.446808511,20,120.1875,20.9375,2.125,311.0625,27,5.875,190.875,14,3.0625,29
SEA_07,2007,Seattle Seahawks,9,20,7.254237288,8,101.1875,24.5625,1.5,348.9375,7,3.6875,247.75,9,2.25,19
SEA_08,2008,Seattle Seahawks,28,19,7.607594937,29,110.5,18.375,1.6875,274.0625,21,4.9375,163.5625,25,2.25,20
SEA_09,2009,Seattle Seahawks,21,26,8.842105263,15,97.875,17.5,1.9375,316.8125,22,5.9375,218.9375,25,2.5625,23
SEA_10,2010,Seattle Seahawks,28,31,8.811881188,19,89,19.375,1.9375,297.8125,21,6.3125,208.8125,23,2.1875,16
SEA_11,2011,Seattle Seahawks,28,21,7.586956522,22,109.75,20.0625,1.4375,303.8125,11,8.625,194.0625,23,3.125,29
SEA_12,2012,Seattle Seahawks,17,3,8.090909091,27,161.1875,25.75,1.125,350.625,7,6.875,189.4375,9,2.0625,13
SEA_13,2013,Seattle Seahawks,17,4,9.2421875,26,136.75,26.0625,1.1875,339,4,8,202.25,8,2.75,23
SEA_14,2014,Seattle Seahawks,9,1,7.761538462,27,172.625,24.625,0.875,375.75,3,8.125,203.125,10,2.625,21
SEA_15,2015,Seattle Seahawks,4,3,8.606837607,20,141.75,26.4375,1,378.625,3,7.3125,236.875,4,2.875,27
SEA_16,2016,Seattle Seahawks,12,25,8.290598291,10,99.4375,22.125,1.125,357.1875,11,7.3125,257.75,18,2.625,27
SF_00,2000,San Francisco 49ers,4,18,8.470149254,4,112.5625,24.25,1.1875,377.5,1,8.375,264.9375,6,1.5625,4
SF_01,2001,San Francisco 49ers,4,2,8.158536585,14,140.25,25.5625,1.1875,355.5625,1,5.125,215.3125,3,1.625,5
SF_02,2002,San Francisco 49ers,8,6,8.333333333,14,140.25,22.9375,1.0625,356.3125,3,5.4375,216.0625,13,1.375,3
SF_03,2003,San Francisco 49ers,5,5,7.759615385,10,142.4375,24,1.5625,355.4375,10,6.5,213,9,1.75,10
SF_04,2004,San Francisco 49ers,26,30,8.339805825,20,90.5625,16.1875,2.5,286.5625,30,6.4375,196,30,3.25,31
SF_05,2005,San Francisco 49ers,32,17,7.358490566,32,105.5625,14.9375,2.1875,224.1875,27,6.625,118.625,30,3,28
SF_06,2006,San Francisco 49ers,26,6,8.795698925,29,135.75,18.625,2,303.5625,23,5.8125,167.8125,24,2.1875,18
SF_07,2007,San Francisco 49ers,32,27,7.237113402,32,92.3125,13.6875,2.125,237.3125,23,6.0625,145,32,3.4375,32
SF_08,2008,San Francisco 49ers,23,27,7.469387755,13,99.9375,21.1875,2.1875,311.125,32,6.125,211.1875,22,3.4375,32
SF_09,2009,San Francisco 49ers,27,25,7.734693878,22,100,20.625,1.5,290.75,10,6.125,190.75,18,2.5,22
SF_10,2010,San Francisco 49ers,24,19,8.330357143,18,103.5625,19.0625,1.4375,313.3125,11,7,209.75,24,2.75,27
SF_11,2011,San Francisco 49ers,26,8,8.973451327,29,127.75,23.75,0.625,310.875,1,7.0625,183.125,11,2.75,26
SF_12,2012,San Francisco 49ers,11,4,8.80733945,23,155.6875,24.8125,1,361.8125,2,6.8125,206.125,11,2.5625,24
SF_13,2013,San Francisco 49ers,24,3,8.203883495,30,137.5625,25.375,1.125,323.75,2,6.4375,186.1875,11,2.4375,11
SF_14,2014,San Francisco 49ers,20,4,8.077586207,30,136,19.125,1.375,327.4375,11,7.25,191.4375,25,3.25,30
SF_15,2015,San Francisco 49ers,31,21,7.283185841,29,96.5,14.875,1.0625,303.75,4,7.0625,207.25,32,3.3125,31
SF_16,2016,San Francisco 49ers,31,4,8.393939394,32,126.1875,19.3125,1.5625,308.125,21,6.1875,181.9375,27,2.9375,30
STL_00,2000,St. Louis Rams,1,17,8.486486486,1,115.1875,33.75,2.1875,442.1875,24,6.9375,327,1,2.75,22
STL_01,2001,St. Louis Rams,1,5,7.91588785,1,126.6875,31.4375,2.75,418.125,31,6.6875,291.4375,1,2.5,20
STL_02,2002,St. Louis Rams,13,30,7.658333333,2,87.8125,19.75,2.8125,347.4375,32,7.5,259.625,23,2.875,28
STL_03,2003,St. Louis Rams,9,30,7.25,3,93.5,27.9375,2.4375,341.0625,32,5.75,247.5625,2,2.6875,29
STL_04,2004,St. Louis Rams,6,25,7.818897638,5,101.5,19.9375,2.4375,367.3125,29,7.9375,265.8125,19,3.125,28
STL_05,2005,St. Louis Rams,9,22,7.183206107,4,95.9375,22.6875,2.3125,348.1875,29,8.1875,252.25,11,2.875,27
STL_06,2006,St. Louis Rams,6,17,8.275862069,4,112.8125,22.9375,1.125,360.4375,3,7.25,247.625,10,3.0625,29
STL_07,2007,St. Louis Rams,24,25,8.446808511,19,95.4375,16.4375,2.3125,297.5,29,5.875,202.0625,28,3,27
STL_08,2008,St. Louis Rams,27,25,7.402061856,26,103.0625,14.5,1.9375,287.25,27,6.0625,184.1875,30,2.8125,27
STL_09,2009,St. Louis Rams,29,20,8.34,28,111.5,10.9375,2.0625,279.375,27,6.25,167.875,32,2.75,26
STL_10,2010,St. Louis Rams,26,25,8.598039216,21,98.625,18.0625,1.3125,302.875,8,6.375,204.25,26,2.125,15
STL_11,2011,St. Louis Rams,31,23,8.026785714,30,104.1875,12.0625,1.4375,283.5625,11,7,179.375,32,3.4375,32
STL_12,2012,St. Louis Rams,23,19,7.523076923,18,107.125,18.6875,1.375,329,10,8.125,221.875,25,2.1875,14
STL_13,2013,St. Louis Rams,30,19,8.203252033,27,109.5,21.75,1.3125,304.8125,10,7.6875,195.3125,21,2.25,8
STL_14,2014,St. Louis Rams,28,20,9.260162602,23,102.1875,20.25,1.6875,314.6875,24,7.6875,212.5,21,2.9375,25
STL_15,2015,St. Louis Rams,32,7,8.663934426,32,122.25,17.5,1.375,297.5625,15,7.625,175.3125,29,1.125,1
STL_16,2016,Los Angeles Rams,32,31,8.658730159,31,78.25,14,1.8125,262.6875,27,7.875,184.4375,32,3.0625,31
TB_00,2000,Tampa Bay Buccaneers,21,9,8.56097561,26,129.125,24.25,1.5,290.5625,5,5.125,161.4375,6,2.375,17
TB_01,2001,Tampa Bay Buccaneers,26,30,8.727272727,15,85.6875,20.25,1.375,293.375,5,4.8125,207.6875,15,2.9375,26
TB_02,2002,Tampa Bay Buccaneers,24,27,7.660194175,15,97.3125,21.625,1.3125,312.625,6,6.4375,215.3125,18,2.5625,23
TB_03,2003,Tampa Bay Buccaneers,10,24,9.435897436,6,103,18.8125,1.9375,340.8125,20,7.3125,237.8125,18,1.4375,5
TB_04,2004,Tampa Bay Buccaneers,22,29,7.829059829,14,93.0625,18.8125,2.25,310.1875,26,7.3125,217.125,23,2.75,24
TB_05,2005,Tampa Bay Buccaneers,23,14,8.282442748,25,114.125,18.75,1.4375,294.75,6,8.1875,180.625,20,2.5625,20
TB_06,2006,Tampa Bay Buccaneers,29,28,8.413793103,26,95.1875,13.1875,2,270.0625,23,5.4375,174.875,31,2.0625,15
TB_07,2007,Tampa Bay Buccaneers,18,11,7.580246914,16,117,20.875,1.25,326.8125,3,5.0625,209.8125,18,2.25,19
TB_08,2008,Tampa Bay Buccaneers,14,15,8.778947368,11,114.8125,22.5625,1.625,341,16,5.9375,226.1875,19,2,17
TB_09,2009,Tampa Bay Buccaneers,28,23,7.483870968,24,101.6875,15.25,2.125,287.5,29,5.8125,185.8125,30,2.0625,14
TB_10,2010,Tampa Bay Buccaneers,19,8,8.37,17,125.0625,21.3125,1.1875,335.125,6,6.25,210.0625,20,1.875,10
TB_11,2011,Tampa Bay Buccaneers,21,30,8.18699187,16,91.125,17.9375,2.5,319.25,32,7.6875,228.125,27,2,11
TB_12,2012,Tampa Bay Buccaneers,9,15,8.108910891,10,114.8125,24.3125,1.4375,363.75,12,6.3125,248.9375,13,1.625,4
TB_13,2013,Tampa Bay Buccaneers,32,22,9.388429752,32,100.75,18,1.3125,277,10,7.5625,176.25,30,2.9375,27
TB_14,2014,Tampa Bay Buccaneers,30,29,7.957627119,25,85.9375,17.3125,2.0625,292,31,7.375,206.0625,29,3.25,30
TB_15,2015,Tampa Bay Buccaneers,5,5,8.356643357,17,135.125,21.375,1.75,375.875,22,8.9375,240.75,20,1.6875,7
TB_16,2016,Tampa Bay Buccaneers,18,24,8.495412844,16,101,22.125,1.6875,346.375,24,6.8125,245.375,18,2.1875,18
TEN_00,2000,Tennessee Titans,14,7,8.130841122,16,130.25,21.625,1.875,334.375,19,6.6875,204.125,13,1.6875,5
TEN_01,2001,Tennessee Titans,8,12,8.613445378,8,112.125,21,1.75,334.5,13,7.4375,222.375,12,2.6875,22
TEN_02,2002,Tennessee Titans,17,11,7.955357143,20,122,22.9375,1.5625,329.5,10,7,207.5,13,1.3125,2
TEN_03,2003,Tennessee Titans,8,26,8.063636364,5,101.4375,27.1875,1.3125,343.8125,4,6.875,242.375,5,1.5625,7
TEN_04,2004,Tennessee Titans,11,14,8.390909091,10,116.9375,21.5,1.9375,342.9375,23,6.875,226,15,2.75,24
TEN_05,2005,Tennessee Titans,17,23,8.016,9,95.3125,18.6875,1.625,320.125,13,7.8125,224.8125,21,1.9375,14
TEN_06,2006,Tennessee Titans,27,5,8.542553191,30,138.375,20.25,1.625,300.625,14,5.875,162.25,16,1.8125,11
TEN_07,2007,Tennessee Titans,21,5,7.653465347,27,131.8125,18.8125,2.125,311.6875,23,6.3125,179.875,22,1.875,14
TEN_08,2008,Tennessee Titans,21,7,7.916666667,27,137.4375,23.4375,1.0625,313.625,3,6.75,176.1875,14,0.75,2
TEN_09,2009,Tennessee Titans,12,2,8.37755102,23,162,22.125,1.9375,351.4375,22,6.125,189.4375,16,0.9375,2
TEN_10,2010,Tennessee Titans,27,17,8.125,25,107.9375,22.25,1.8125,302.125,17,8,194.1875,17,1.6875,7
TEN_11,2011,Tennessee Titans,17,31,9.230769231,12,89.875,20.3125,1.375,335.0625,9,6.5,245.1875,21,1.5,3
TEN_12,2012,Tennessee Titans,26,21,7.990566038,22,105.4375,20.625,1.75,313.125,24,6.625,207.6875,23,2.4375,21
TEN_13,2013,Tennessee Titans,22,14,8.910891089,21,118.375,22.625,1.5625,336.875,15,6.3125,218.5,19,2.3125,10
TEN_14,2014,Tennessee Titans,29,26,8.657657658,22,90.4375,15.875,1.625,303.6875,21,6.9375,213.25,30,3.125,27
TEN_15,2015,Tennessee Titans,30,25,8.376344086,25,92.8125,18.6875,2.0625,311.75,31,5.8125,218.9375,28,3.375,32
TEN_16,2016,Tennessee Titans,11,3,9.2,25,136.6875,23.8125,1.125,358,11,6.875,221.3125,14,1.75,9
WAS_00,2000,Washington Redskins,11,19,8.773913043,10,109.25,17.5625,2.0625,337.25,21,7.1875,228,24,2,10
WAS_01,2001,Washington Redskins,28,8,7.961538462,30,121.75,16,1.75,277.1875,13,6.5,155.4375,28,2.375,16
WAS_02,2002,Washington Redskins,20,13,8.344827586,21,118.0625,19.1875,2.5,321.4375,29,7.25,203.375,25,2.375,20
WAS_03,2003,Washington Redskins,23,22,8.370967742,21,103.3125,17.9375,1.75,291.1875,13,7.75,187.875,22,2.6875,29
WAS_04,2004,Washington Redskins,30,21,9.104347826,29,110.3125,15,1.6875,274.8125,14,7.1875,164.5,31,2.375,19
WAS_05,2005,Washington Redskins,11,7,8.564814815,21,136.4375,22.4375,1.6875,330.5625,16,6.75,194.125,13,1.9375,14
WAS_06,2006,Washington Redskins,13,4,8.858490566,21,138.5,19.1875,1.0625,327.6875,2,6.625,189.1875,20,1.1875,3
WAS_07,2007,Washington Redskins,15,12,8.344444444,14,116.9375,20.875,1.8125,333.375,14,5.625,216.4375,18,1.8125,13
WAS_08,2008,Washington Redskins,19,8,7.759036145,23,130.9375,16.5625,1.125,320,5,5.1875,189.0625,28,2.375,23
WAS_09,2009,Washington Redskins,22,27,7.988235294,16,94.375,16.625,1.75,312.5,16,5.3125,218.125,26,2.875,29
WAS_10,2010,Washington Redskins,18,30,7.188888889,8,91.3125,18.875,1.9375,337,21,5.625,245.6875,25,2.875,28
WAS_11,2011,Washington Redskins,16,25,9.857142857,14,100.875,18,2.1875,336.6875,30,5.6875,235.8125,26,2.5625,22
WAS_12,2012,Washington Redskins,5,1,8.49137931,20,169.3125,27.25,0.875,383.1875,1,7.25,213.875,4,2.0625,13
WAS_13,2013,Washington Redskins,9,5,8.101010101,16,135.25,20.875,2.125,369.6875,30,6.1875,234.4375,23,2.6875,19
WAS_14,2014,Washington Redskins,13,19,9.416666667,11,105.6875,18.8125,1.9375,358.625,29,7.5,252.9375,26,3.625,31
WAS_15,2015,Washington Redskins,17,20,7.885714286,11,97.875,24.25,1.375,353.8125,15,6.5625,255.9375,10,1.6875,7
WAS_16,2016,Washington Redskins,3,21,8.263636364,2,106,24.75,1.3125,403.375,15,6.875,297.375,12,1.4375,4
